"Station","Name","Year","Month","Q"
"4","Sangping",1965,1,20.09205145457
"4","Sangping",1965,2,15.8759652350354
"4","Sangping",1965,3,17.6633007186726
"4","Sangping",1965,4,26.0242047963794
"4","Sangping",1965,5,71.613450269887
"4","Sangping",1965,6,99.8319704029459
"4","Sangping",1965,7,118.136686373879
"4","Sangping",1965,8,91.5048250227265
"4","Sangping",1965,9,104.726981538615
"4","Sangping",1965,10,67.5061420755896
"4","Sangping",1965,11,34.8183454918409
"4","Sangping",1965,12,24.041819060593
"4","Sangping",1966,1,19.74133609734
"4","Sangping",1966,2,15.4933666635119
"4","Sangping",1966,3,17.098780277356
"4","Sangping",1966,4,22.1231997533938
"4","Sangping",1966,5,104.798249899978
"4","Sangping",1966,6,121.887652761365
"4","Sangping",1966,7,136.535176504499
"4","Sangping",1966,8,64.4491044697883
"4","Sangping",1966,9,60.1392440905666
"4","Sangping",1966,10,68.357611445549
"4","Sangping",1966,11,34.4676301346109
"4","Sangping",1966,12,23.764247547919
"4","Sangping",1967,1,18.2296966431831
"4","Sangping",1967,2,14.4599754237594
"4","Sangping",1967,3,16.4929992057769
"4","Sangping",1967,4,24.5932111195534
"4","Sangping",1967,5,80.3250697048238
"4","Sangping",1967,6,101.594924605064
"4","Sangping",1967,7,129.127017889213
"4","Sangping",1967,8,107.990322295728
"4","Sangping",1967,9,143.043103186787
"4","Sangping",1967,10,71.7691153749677
"4","Sangping",1967,11,35.8986238114369
"4","Sangping",1967,12,25.1689844600326
"4","Sangping",1968,1,19.5894219586468
"4","Sangping",1968,2,15.8347046047731
"4","Sangping",1968,3,15.8909691005854
"4","Sangping",1968,4,19.1993214543482
"4","Sangping",1968,5,69.4116330004326
"4","Sangping",1968,6,118.472397865559
"4","Sangping",1968,7,118.849369987501
"4","Sangping",1968,8,83.7590794325674
"4","Sangping",1968,9,92.8926825860964
"4","Sangping",1968,10,77.5587319940527
"4","Sangping",1968,11,37.2508471941257
"4","Sangping",1968,12,25.7728900484179
"4","Sangping",1969,1,20.2514675260381
"4","Sangping",1969,2,15.8178252560294
"4","Sangping",1969,3,17.3857292059987
"4","Sangping",1969,4,33.1491654494095
"4","Sangping",1969,5,107.934057799916
"4","Sangping",1969,6,104.877020194115
"4","Sangping",1969,7,114.592023137704
"4","Sangping",1969,8,63.6614015284162
"4","Sangping",1969,9,50.8274700336321
"4","Sangping",1969,10,60.6662548680085
"4","Sangping",1969,11,31.2736822556664
"4","Sangping",1969,12,22.2394797114058
"4","Sangping",1970,1,17.0462667479311
"4","Sangping",1970,2,13.9179607807676
"4","Sangping",1970,3,14.8650797936079
"4","Sangping",1970,4,24.9720587246895
"4","Sangping",1970,5,64.5803882933503
"4","Sangping",1970,6,161.854199620031
"4","Sangping",1970,7,109.246896035536
"4","Sangping",1970,8,73.248871614831
"4","Sangping",1970,9,103.69734126525
"4","Sangping",1970,10,108.290399606727
"4","Sangping",1970,11,47.0858810621146
"4","Sangping",1970,12,29.7901750494156
"4","Sangping",1971,1,22.1813397323998
"4","Sangping",1971,2,16.8099558655195
"4","Sangping",1971,3,18.2165682608269
"4","Sangping",1971,4,26.1592395863289
"4","Sangping",1971,5,71.2608594294633
"4","Sangping",1971,6,135.747473563127
"4","Sangping",1971,7,128.601882594965
"4","Sangping",1971,8,66.4539960038997
"4","Sangping",1971,9,68.488895269111
"4","Sangping",1971,10,59.7003810232308
"4","Sangping",1971,11,31.9901168356763
"4","Sangping",1971,12,21.8156205096199
"4","Sangping",1972,1,17.6501723363164
"4","Sangping",1972,2,15.243927398744
"4","Sangping",1972,3,16.3204547519526
"4","Sangping",1972,4,22.9877975057093
"4","Sangping",1972,5,76.0620964054457
"4","Sangping",1972,6,138.748246673115
"4","Sangping",1972,7,105.289626496738
"4","Sangping",1972,8,62.7986792592944
"4","Sangping",1972,9,84.5449068907458
"4","Sangping",1972,10,73.9953139259408
"4","Sangping",1972,11,36.5456655132783
"4","Sangping",1972,12,25.6172249433372
"4","Sangping",1973,1,19.413126538435
"4","Sangping",1973,2,15.4914911803181
"4","Sangping",1973,3,17.5620246262105
"4","Sangping",1973,4,27.4927081370803
"4","Sangping",1973,5,98.8698475245557
"4","Sangping",1973,6,119.412014945624
"4","Sangping",1973,7,125.150993518478
"4","Sangping",1973,8,104.445659059554
"4","Sangping",1973,9,126.895192888659
"4","Sangping",1973,10,80.6645321628913
"4","Sangping",1973,11,42.811654863574
"4","Sangping",1973,12,27.8152912464041
"4","Sangping",1974,1,20.9510227573043
"4","Sangping",1974,2,16.5623920839454
"4","Sangping",1974,3,19.1543098576984
"4","Sangping",1974,4,36.2718449669918
"4","Sangping",1974,5,91.6173540143511
"4","Sangping",1974,6,141.336413480481
"4","Sangping",1974,7,118.774350659751
"4","Sangping",1974,8,83.8340987603171
"4","Sangping",1974,9,83.2526989702568
"4","Sangping",1974,10,96.6061393097077
"4","Sangping",1974,11,41.4988166279539
"4","Sangping",1974,12,26.7668961411017
"4","Sangping",1975,1,19.9082541015831
"4","Sangping",1975,2,15.7465568946672
"4","Sangping",1975,3,18.0609031557462
"4","Sangping",1975,4,32.1514083903382
"4","Sangping",1975,5,84.2767127940405
"4","Sangping",1975,6,129.277056544713
"4","Sangping",1975,7,141.392677976293
"4","Sangping",1975,8,86.2384682146958
"4","Sangping",1975,9,102.345117882562
"4","Sangping",1975,10,79.8580743895817
"4","Sangping",1975,11,42.672869107237
"4","Sangping",1975,12,27.9990885993909
"4","Sangping",1976,1,20.5271635555184
"4","Sangping",1976,2,16.5848978822703
"4","Sangping",1976,3,17.8677283867906
"4","Sangping",1976,4,34.3682295253425
"4","Sangping",1976,5,107.277638682106
"4","Sangping",1976,6,168.06204899132
"4","Sangping",1976,7,168.530919789756
"4","Sangping",1976,8,108.627986581601
"4","Sangping",1976,9,65.2855699741978
"4","Sangping",1976,10,63.7664285872658
"4","Sangping",1976,11,38.2317249044534
"4","Sangping",1976,12,28.2954149440023
"4","Sangping",1977,1,22.1325771693625
"4","Sangping",1977,2,18.0909108868461
"4","Sangping",1977,3,20.435264879025
"4","Sangping",1977,4,36.3468642947415
"4","Sangping",1977,5,91.8930500438313
"4","Sangping",1977,6,152.326744995816
"4","Sangping",1977,7,118.774350659751
"4","Sangping",1977,8,81.0152475201212
"4","Sangping",1977,9,66.2889534828503
"4","Sangping",1977,10,57.8211468631002
"4","Sangping",1977,11,36.1743198409172
"4","Sangping",1977,12,26.8662967503701
"4","Sangping",1978,1,21.3411232616029
"4","Sangping",1978,2,17.1606712227495
"4","Sangping",1978,3,18.7904661181122
"4","Sangping",1978,4,28.8149237886692
"4","Sangping",1978,5,81.484118318557
"4","Sangping",1978,6,102.307608218687
"4","Sangping",1978,7,101.126053806629
"4","Sangping",1978,8,80.6157695998539
"4","Sangping",1978,9,134.359615999757
"4","Sangping",1978,10,81.7729427303935
"4","Sangping",1978,11,38.0085424043979
"4","Sangping",1978,12,26.961946393251
"4","Sangping",1979,1,21.0185401522791
"4","Sangping",1979,2,16.7255591218011
"4","Sangping",1979,3,18.2053153616644
"4","Sangping",1979,4,23.3741470436204
"4","Sangping",1979,5,62.4517148684519
"4","Sangping",1979,6,93.3690553173071
"4","Sangping",1979,7,136.010041210251
"4","Sangping",1979,8,90.0231932996694
"4","Sangping",1979,9,112.885333431398
"4","Sangping",1979,10,81.5910208606004
"4","Sangping",1979,11,38.927529169332
"4","Sangping",1979,12,26.8325380528827
"4","Sangping",1980,1,20.9060111606545
"4","Sangping",1980,2,17.2675737647928
"4","Sangping",1980,3,18.1115412019772
"4","Sangping",1980,4,24.5575769388723
"4","Sangping",1980,5,64.3159451630326
"4","Sangping",1980,6,134.078293520695
"4","Sangping",1980,7,114.40447481833
"4","Sangping",1980,8,136.409519130518
"4","Sangping",1980,9,141.692755287292
"4","Sangping",1980,10,72.5830750810522
"4","Sangping",1980,11,38.468035786865
"4","Sangping",1980,12,27.0913547336193
"4","Sangping",1981,1,20.9847814547917
"4","Sangping",1981,2,16.8005784495508
"4","Sangping",1981,3,18.0534012229712
"4","Sangping",1981,4,22.0237991441254
"4","Sangping",1981,5,51.478262701861
"4","Sangping",1981,6,128.05799246878
"4","Sangping",1981,7,171.981808866243
"4","Sangping",1981,8,83.0839054828199
"4","Sangping",1981,9,120.931156332556
"4","Sangping",1981,10,74.0140687578782
"4","Sangping",1981,11,42.4553130567628
"4","Sangping",1981,12,29.9964782007273
"4","Sangping",1982,1,23.4754231360825
"4","Sangping",1982,2,18.71919775675
"4","Sangping",1982,3,20.0789230722138
"4","Sangping",1982,4,28.2316485154151
"4","Sangping",1982,5,70.7619808999276
"4","Sangping",1982,6,155.252498778055
"4","Sangping",1982,7,179.389967481529
"4","Sangping",1982,8,100.113292882007
"4","Sangping",1982,9,71.6434580009869
"4","Sangping",1982,10,46.1875246123116
"4","Sangping",1982,11,29.9514666040775
"4","Sangping",1982,12,22.8902723796347
"4","Sangping",1983,1,19.0605356980113
"4","Sangping",1983,2,15.6434053190113
"4","Sangping",1983,3,16.9637454874065
"4","Sangping",1983,4,23.2278593545084
"4","Sangping",1983,5,76.1896292626202
"4","Sangping",1983,6,122.750375030487
"4","Sangping",1983,7,102.832743512935
"4","Sangping",1983,8,91.9380616404811
"4","Sangping",1983,9,111.253663052841
"4","Sangping",1983,10,70.4562771393475
"4","Sangping",1983,11,38.8093737281262
"4","Sangping",1983,12,26.2792705107285
"4","Sangping",1984,1,20.7128363916989
"4","Sangping",1984,2,16.3185792687588
"4","Sangping",1984,3,18.8054699836622
"4","Sangping",1984,4,34.4676301346109
"4","Sangping",1984,5,94.421201388997
"4","Sangping",1984,6,122.375278391738
"4","Sangping",1984,7,127.870444149405
"4","Sangping",1984,8,90.3232706106683
"4","Sangping",1984,9,81.6210285917003
"4","Sangping",1984,10,59.8579216115052
"4","Sangping",1984,11,33.2016789788343
"4","Sangping",1984,12,24.7319968758904
"4","Sangping",1985,1,19.8107289755085
"4","Sangping",1985,2,15.6940433652424
"4","Sangping",1985,3,16.8287106974569
"4","Sangping",1985,4,24.1787293337362
"4","Sangping",1985,5,65.6081530835216
"4","Sangping",1985,6,120.406021038308
"4","Sangping",1985,7,103.770485109806
"4","Sangping",1985,8,54.5840628706995
"4","Sangping",1985,9,105.045813681552
"4","Sangping",1985,10,55.5743179969959
"4","Sangping",1985,11,30.831068221943
"4","Sangping",1985,12,22.7308563081665
"4","Sangping",1986,1,17.6576742690914
"4","Sangping",1986,2,14.2030342262166
"4","Sangping",1986,3,15.9003465165541
"4","Sangping",1986,4,20.5534203202308
"4","Sangping",1986,5,52.5960506853319
"4","Sangping",1986,6,137.729859298913
"4","Sangping",1986,7,132.596661797638
"4","Sangping",1986,8,97.0187456123312
"4","Sangping",1986,9,105.383400656425
"4","Sangping",1986,10,59.8429177459552
"4","Sangping",1986,11,31.313067402735
"4","Sangping",1986,12,22.3707635349678
"4","Sangping",1987,1,18.8242248155996
"4","Sangping",1987,2,14.8763326927704
"4","Sangping",1987,3,16.6692946259888
"4","Sangping",1987,4,23.2728709511583
"4","Sangping",1987,5,68.9483886515781
"4","Sangping",1987,6,138.598208017616
"4","Sangping",1987,7,130.383591629021
"4","Sangping",1987,8,101.669943932814
"4","Sangping",1987,9,123.519323139921
"4","Sangping",1987,10,85.6345626263105
"4","Sangping",1987,11,39.0569375097003
"4","Sangping",1987,12,26.7593942083267
"4","Sangping",1988,1,20.6565718958866
"4","Sangping",1988,2,16.5042521049394
"4","Sangping",1988,3,17.2750756975678
"4","Sangping",1988,4,32.5208785795056
"4","Sangping",1988,5,102.53454168513
"4","Sangping",1988,6,168.249597310695
"4","Sangping",1988,7,129.239546880838
"4","Sangping",1988,8,83.7965890964423
"4","Sangping",1988,9,103.620446454307
"4","Sangping",1988,10,83.5546517644494
"4","Sangping",1988,11,39.4545399467739
"4","Sangping",1988,12,27.7909099648854
"4","Sangping",1989,1,21.7030915179953
"4","Sangping",1989,2,17.1681731555245
"4","Sangping",1989,3,18.7642093533998
"4","Sangping",1989,4,30.1934039360704
"4","Sangping",1989,5,63.8208175998844
"4","Sangping",1989,6,121.11870465193
"4","Sangping",1989,7,105.589703807737
"4","Sangping",1989,8,96.5873844777703
"4","Sangping",1989,9,111.441211372216
"4","Sangping",1989,10,59.4997043215002
"4","Sangping",1989,11,38.263608118747
"4","Sangping",1989,12,25.8929209728174
"4","Sangping",1990,1,19.9401373158768
"4","Sangping",1990,2,15.6846659492737
"4","Sangping",1990,3,17.1700486387182
"4","Sangping",1990,4,22.5470589551797
"4","Sangping",1990,5,68.291969533768
"4","Sangping",1990,6,109.246896035536
"4","Sangping",1990,7,97.6751647301413
"4","Sangping",1990,8,94.7306561159646
"4","Sangping",1990,9,75.0680903127618
"4","Sangping",1990,10,78.5077264900867
"4","Sangping",1990,11,39.694601795573
"4","Sangping",1990,12,25.515948850875
"4","Sangping",1991,1,19.3831188073351
"4","Sangping",1991,2,15.1088926087945
"4","Sangping",1991,3,16.8680958445256
"4","Sangping",1991,4,32.4608631173058
"4","Sangping",1991,5,89.7043611567331
"4","Sangping",1991,6,197.33834164565
"4","Sangping",1991,7,193.737413913664
"4","Sangping",1991,8,99.5881575877593
"4","Sangping",1991,9,81.0396288016399
"4","Sangping",1991,10,69.5222865088634
"4","Sangping",1991,11,34.9158706179155
"4","Sangping",1991,12,21.9919159298317
"4","Sangping",1992,1,17.4119859707111
"4","Sangping",1992,2,15.0507526297885
"4","Sangping",1992,3,16.1891709283905
"4","Sangping",1992,4,27.0257128218383
"4","Sangping",1992,5,87.5663103158659
"4","Sangping",1992,6,105.439665152238
"4","Sangping",1992,7,142.799290371601
"4","Sangping",1992,8,145.57500549834
"4","Sangping",1992,9,99.7569510751962
"4","Sangping",1992,10,80.6457773309538
"4","Sangping",1992,11,49.1939241718818
"4","Sangping",1992,12,28.801795406313
"4","Sangping",1993,1,22.194468114756
"4","Sangping",1993,2,16.8755977773005
"4","Sangping",1993,3,17.6276665379915
"4","Sangping",1993,4,35.5497839374007
"4","Sangping",1993,5,78.5152284228617
"4","Sangping",1993,6,150.732584281134
"4","Sangping",1993,7,90.3795351064806
"4","Sangping",1993,8,52.7592177231875
"4","Sangping",1993,9,82.8701003987332
"4","Sangping",1993,10,80.3644548518924
"4","Sangping",1993,11,35.4316284961949
"4","Sangping",1993,12,24.8539032834837
"4","Sangping",1994,1,18.931127357643
"4","Sangping",1994,2,14.6625276086837
"4","Sangping",1994,3,17.9933857607714
"4","Sangping",1994,4,34.1075373614122
"4","Sangping",1994,5,138.992059488302
"4","Sangping",1994,6,147.169166213022
"4","Sangping",1994,7,116.917622297946
"4","Sangping",1994,8,85.3532401472491
"4","Sangping",1994,9,72.2436126229847
"4","Sangping",1994,10,58.6013478716973
"4","Sangping",1994,11,34.6870616682789
"4","Sangping",1994,12,22.5845686190546
"4","Sangping",1995,1,18.1546773154333
"4","Sangping",1995,2,15.2833125458126
"4","Sangping",1995,3,16.33920958389
"4","Sangping",1995,4,22.9146536611533
"4","Sangping",1995,5,71.285240710982
"4","Sangping",1995,6,110.822301918281
"4","Sangping",1995,7,114.385719986392
"4","Sangping",1995,8,82.2568173943792
"4","Sangping",1995,9,70.868883441971
"4","Sangping",1995,10,72.8006311315264
"4","Sangping",1995,11,36.4781481183035
"4","Sangping",1995,12,22.6802182619355
"4","Sangping",1996,1,17.9202419162154
"4","Sangping",1996,2,14.3624502976848
"4","Sangping",1996,3,15.6058956551364
"4","Sangping",1996,4,26.3205311409908
"4","Sangping",1996,5,81.637907940444
"4","Sangping",1996,6,128.601882594965
"4","Sangping",1996,7,106.621219564296
"4","Sangping",1996,8,71.4108980849628
"4","Sangping",1996,9,51.7727135632786
"4","Sangping",1996,10,51.0900376807561
"4","Sangping",1996,11,27.1176114983317
"4","Sangping",1996,12,20.705334458924
"4","Sangping",1997,1,15.4371021676996
"4","Sangping",1997,2,13.3703196881946
"4","Sangping",1997,3,16.6149056133702
"4","Sangping",1997,4,30.1277620242894
"4","Sangping",1997,5,76.8010367837805
"4","Sangping",1997,6,96.5686296458329
"4","Sangping",1997,7,129.877211166711
"4","Sangping",1997,8,105.233362000926
"4","Sangping",1997,9,77.6637590529023
"4","Sangping",1997,10,79.8955840534566
"4","Sangping",1997,11,47.0652507469834
"4","Sangping",1997,12,27.9897111834222
"4","Sangping",1998,1,21.5305470641709
"4","Sangping",1998,2,16.2885715376589
"4","Sangping",1998,3,17.9915102775777
"4","Sangping",1998,4,37.9241456606795
"4","Sangping",1998,5,88.2902468286508
"4","Sangping",1998,6,140.061084908736
"4","Sangping",1998,7,178.170903405596
"4","Sangping",1998,8,95.6496428808987
"4","Sangping",1998,9,67.4123679159024
"4","Sangping",1998,10,90.0607029635443
"4","Sangping",1998,11,44.3026640025998
"4","Sangping",1998,12,28.2335239986088
"4","Sangping",1999,1,21.3805084086715
"4","Sangping",1999,2,15.9359806972352
"4","Sangping",1999,3,17.1456673571995
"4","Sangping",1999,4,32.4121005542685
"4","Sangping",1999,5,81.4597370370384
"4","Sangping",1999,6,123.181736165048
"4","Sangping",1999,7,105.514684479988
"4","Sangping",1999,8,67.8418535672696
"4","Sangping",1999,9,72.3598925809968
"4","Sangping",1999,10,53.4193878073851
"4","Sangping",1999,11,31.2005384111104
"4","Sangping",1999,12,22.1063204046501
"4","Sangping",2000,1,17.8395961388845
"4","Sangping",2000,2,13.681649898356
"4","Sangping",2000,3,14.9944881339762
"4","Sangping",2000,4,37.4946600093123
"4","Sangping",2000,5,79.8693272887442
"4","Sangping",2000,6,118.886879651376
"4","Sangping",2000,7,85.1094273320625
"4","Sangping",2000,8,91.6567391614197
"4","Sangping",2000,9,112.697785112024
"4","Sangping",2000,10,77.6450042209649
"4","Sangping",2000,11,46.3957032468171
"4","Sangping",2000,12,28.6892664146884
"4","Sangping",2001,1,20.7822292698674
"4","Sangping",2001,2,16.4142289116397
"4","Sangping",2001,3,17.2394415168867
"4","Sangping",2001,4,30.4072090201571
"4","Sangping",2001,5,61.1501295319942
"4","Sangping",2001,6,115.6422937262
"4","Sangping",2001,7,85.2782208194993
"4","Sangping",2001,8,84.7455835924763
"4","Sangping",2001,9,45.0622346960658
"4","Sangping",2001,10,47.1477720075081
"4","Sangping",2001,11,33.68555364282
"4","Sangping",2001,12,21.924398534857
"4","Sangping",2002,1,18.2278211599893
"4","Sangping",2002,2,14.4768547725031
"4","Sangping",2002,3,15.0038655499449
"4","Sangping",2002,4,26.7593942083267
"4","Sangping",2002,5,84.1735612183846
"4","Sangping",2002,6,128.283050452029
"4","Sangping",2002,7,131.190049402331
"4","Sangping",2002,8,106.714993723983
"4","Sangping",2002,9,97.2813132594553
"4","Sangping",2002,10,48.798197218002
"4","Sangping",2002,11,30.5966328227251
"4","Sangping",2002,12,22.9596652578032
"4","Sangping",2003,1,18.2090663280519
"4","Sangping",2003,2,14.8013133650206
"4","Sangping",2003,3,19.06991311398
"4","Sangping",2003,4,35.8442347988184
"4","Sangping",2003,5,83.200185440832
"4","Sangping",2003,6,154.371021676996
"4","Sangping",2003,7,104.145581748555
"4","Sangping",2003,8,78.6015006497739
"4","Sangping",2003,9,127.870444149405
"4","Sangping",2003,10,99.5694027558219
"4","Sangping",2003,11,45.1897675532403
"4","Sangping",2003,12,29.9889762679524
"4","Sangping",2004,1,22.1382036189437
"4","Sangping",2004,2,17.5226394791419
"4","Sangping",2004,3,21.5624302784646
"4","Sangping",2004,4,38.5524325305834
"4","Sangping",2004,5,117.067660953445
"4","Sangping",2004,6,155.721369576491
"4","Sangping",2004,7,128.63939225884
"4","Sangping",2004,8,120.574814525745
"4","Sangping",2004,9,85.1281821639999
"4","Sangping",2004,10,64.7454308143997
"4","Sangping",2004,11,33.4098576133398
"4","Sangping",2004,12,24.5575769388723
"4","Sangping",2005,1,19.1111737442423
"4","Sangping",2005,2,15.4802382811557
"4","Sangping",2005,3,18.8542325466995
"4","Sangping",2005,4,32.809702991342
"4","Sangping",2005,5,82.8644739491519
"4","Sangping",2005,6,117.330228600569
"4","Sangping",2005,7,111.70377901934
"4","Sangping",2005,8,52.7310854752814
"4","Sangping",2005,9,67.8699858151758
"4","Sangping",2005,10,66.5646495123306
"4","Sangping",2005,11,31.714420806196
"4","Sangping",2005,12,23.3703960772329
"4","Sangping",2006,1,20.09205145457
"4","Sangping",2006,2,15.8759652350354
"4","Sangping",2006,3,17.6633007186726
"4","Sangping",2006,4,26.0242047963794
"4","Sangping",2006,5,71.613450269887
"4","Sangping",2006,6,99.8319704029459
"4","Sangping",2006,7,118.136686373879
"4","Sangping",2006,8,91.5048250227265
"4","Sangping",2006,9,104.726981538615
"4","Sangping",2006,10,67.5061420755896
"4","Sangping",2006,11,34.8183454918409
"4","Sangping",2006,12,24.041819060593
"3","Zagunao",1962,1,27.0922784810127
"3","Zagunao",1962,2,21.9554430379747
"3","Zagunao",1962,3,22.943164556962
"3","Zagunao",1962,4,29.4710126582278
"3","Zagunao",1962,5,65.6715189873418
"3","Zagunao",1962,6,138.226329113924
"3","Zagunao",1962,7,165.588607594937
"3","Zagunao",1962,8,122.299746835443
"3","Zagunao",1962,9,86.3658227848101
"3","Zagunao",1962,10,61.2592405063291
"3","Zagunao",1962,11,42.1405063291139
"3","Zagunao",1962,12,32.3384810126582
"3","Zagunao",1963,1,25.1886075949367
"3","Zagunao",1963,2,20.786582278481
"3","Zagunao",1963,3,22.4578481012658
"3","Zagunao",1963,4,27.1845569620253
"3","Zagunao",1963,5,82.4183544303798
"3","Zagunao",1963,6,140.728101265823
"3","Zagunao",1963,7,172.936708860759
"3","Zagunao",1963,8,110.66582278481
"3","Zagunao",1963,9,99.6539240506329
"3","Zagunao",1963,10,94.4043037974684
"3","Zagunao",1963,11,46.8501265822785
"3","Zagunao",1963,12,32.0889873417722
"3","Zagunao",1964,1,25.0929113924051
"3","Zagunao",1964,2,20.3115189873418
"3","Zagunao",1964,3,20.9369620253165
"3","Zagunao",1964,4,26.0532911392405
"3","Zagunao",1964,5,56.9426582278481
"3","Zagunao",1964,6,101.085949367089
"3","Zagunao",1964,7,119.319493670886
"3","Zagunao",1964,8,97.1794936708861
"3","Zagunao",1964,9,151.575949367089
"3","Zagunao",1964,10,101.533670886076
"3","Zagunao",1964,11,48.053164556962
"3","Zagunao",1964,12,30.5270886075949
"3","Zagunao",1965,1,22.3894936708861
"3","Zagunao",1965,2,17.7755696202532
"3","Zagunao",1965,3,18.6915189873418
"3","Zagunao",1965,4,27.1640506329114
"3","Zagunao",1965,5,64.9572151898734
"3","Zagunao",1965,6,129.781139240506
"3","Zagunao",1965,7,193.955696202532
"3","Zagunao",1965,8,105.036835443038
"3","Zagunao",1965,9,104.124303797468
"3","Zagunao",1965,10,80.7573417721519
"3","Zagunao",1965,11,40.1308860759494
"3","Zagunao",1965,12,30.1101265822785
"3","Zagunao",1966,1,23.9513924050633
"3","Zagunao",1966,2,18.8384810126582
"3","Zagunao",1966,3,19.8569620253165
"3","Zagunao",1966,4,24.7955696202532
"3","Zagunao",1966,5,65.8458227848101
"3","Zagunao",1966,6,98.7379746835443
"3","Zagunao",1966,7,119.586075949367
"3","Zagunao",1966,8,95.3988607594937
"3","Zagunao",1966,9,103.382658227848
"3","Zagunao",1966,10,70.8356962025316
"3","Zagunao",1966,11,40.5956962025316
"3","Zagunao",1966,12,30.4553164556962
"3","Zagunao",1967,1,22.7893670886076
"3","Zagunao",1967,2,18.1891139240506
"3","Zagunao",1967,3,19.429746835443
"3","Zagunao",1967,4,22.5877215189873
"3","Zagunao",1967,5,96.2943037974684
"3","Zagunao",1967,6,137.365063291139
"3","Zagunao",1967,7,157.379240506329
"3","Zagunao",1967,8,77.0559493670886
"3","Zagunao",1967,9,64.3112658227848
"3","Zagunao",1967,10,77.5993670886076
"3","Zagunao",1967,11,40.9511392405063
"3","Zagunao",1967,12,29.3206329113924
"3","Zagunao",1968,1,23.4182278481013
"3","Zagunao",1968,2,19.433164556962
"3","Zagunao",1968,3,21.1898734177215
"3","Zagunao",1968,4,27.8578481012658
"3","Zagunao",1968,5,84.8483544303797
"3","Zagunao",1968,6,116.055569620253
"3","Zagunao",1968,7,149.935443037975
"3","Zagunao",1968,8,128.523417721519
"3","Zagunao",1968,9,161.487341772152
"3","Zagunao",1968,10,87.3945569620253
"3","Zagunao",1968,11,44.0954430379747
"3","Zagunao",1968,12,33.3364556962025
"3","Zagunao",1969,1,27.8441772151899
"3","Zagunao",1969,2,22.7005063291139
"3","Zagunao",1969,3,23.4729113924051
"3","Zagunao",1969,4,24.7340506329114
"3","Zagunao",1969,5,67.0488607594937
"3","Zagunao",1969,6,130.51253164557
"3","Zagunao",1969,7,140.33164556962
"3","Zagunao",1969,8,105.457215189873
"3","Zagunao",1969,9,114.866202531646
"3","Zagunao",1969,10,91.4616455696202
"3","Zagunao",1969,11,48.2001265822785
"3","Zagunao",1969,12,35.5306329113924
"3","Zagunao",1970,1,24.9835443037975
"3","Zagunao",1970,2,19.973164556962
"3","Zagunao",1970,3,21.9383544303797
"3","Zagunao",1970,4,34.02
"3","Zagunao",1970,5,106.957594936709
"3","Zagunao",1970,6,120.884810126582
"3","Zagunao",1970,7,132.768227848101
"3","Zagunao",1970,8,77.8215189873418
"3","Zagunao",1970,9,59.1710126582278
"3","Zagunao",1970,10,66.5293670886076
"3","Zagunao",1970,11,37.6017721518987
"3","Zagunao",1970,12,27.4579746835443
"3","Zagunao",1971,1,21.7845569620253
"3","Zagunao",1971,2,17.4816455696203
"3","Zagunao",1971,3,17.830253164557
"3","Zagunao",1971,4,27.2426582278481
"3","Zagunao",1971,5,70.1829113924051
"3","Zagunao",1971,6,173.381012658228
"3","Zagunao",1971,7,123.612151898734
"3","Zagunao",1971,8,77.9479746835443
"3","Zagunao",1971,9,102.203544303797
"3","Zagunao",1971,10,108.116202531646
"3","Zagunao",1971,11,49.676582278481
"3","Zagunao",1971,12,32.4854430379747
"3","Zagunao",1972,1,24.9732911392405
"3","Zagunao",1972,2,20.1713924050633
"3","Zagunao",1972,3,20.8241772151899
"3","Zagunao",1972,4,25.5303797468354
"3","Zagunao",1972,5,68.050253164557
"3","Zagunao",1972,6,139.473797468354
"3","Zagunao",1972,7,134.107974683544
"3","Zagunao",1972,8,71.0305063291139
"3","Zagunao",1972,9,67.9306329113924
"3","Zagunao",1972,10,61.2250632911392
"3","Zagunao",1972,11,36.1150632911392
"3","Zagunao",1972,12,26.5864556962025
"3","Zagunao",1973,1,21.8084810126582
"3","Zagunao",1973,2,17.2492405063291
"3","Zagunao",1973,3,17.9293670886076
"3","Zagunao",1973,4,23.0388607594937
"3","Zagunao",1973,5,74.6020253164557
"3","Zagunao",1973,6,138.253670886076
"3","Zagunao",1973,7,109.995949367089
"3","Zagunao",1973,8,66.0953164556962
"3","Zagunao",1973,9,82.5858227848101
"3","Zagunao",1973,10,74.0688607594937
"3","Zagunao",1973,11,39.3721518987342
"3","Zagunao",1973,12,28.4217721518987
"3","Zagunao",1974,1,22.5945569620253
"3","Zagunao",1974,2,18.096835443038
"3","Zagunao",1974,3,20.1337974683544
"3","Zagunao",1974,4,26.1763291139241
"3","Zagunao",1974,5,90.9011392405063
"3","Zagunao",1974,6,124.329873417722
"3","Zagunao",1974,7,134.685569620253
"3","Zagunao",1974,8,113.847721518987
"3","Zagunao",1974,9,133.318481012658
"3","Zagunao",1974,10,91.1711392405063
"3","Zagunao",1974,11,49.3518987341772
"3","Zagunao",1974,12,34.2489873417721
"3","Zagunao",1975,1,25.2467088607595
"3","Zagunao",1975,2,19.2759493670886
"3","Zagunao",1975,3,21.0394936708861
"3","Zagunao",1975,4,36.3064556962025
"3","Zagunao",1975,5,89.0624050632911
"3","Zagunao",1975,6,153.660759493671
"3","Zagunao",1975,7,129.603417721519
"3","Zagunao",1975,8,97.5793670886076
"3","Zagunao",1975,9,86.9912658227848
"3","Zagunao",1975,10,104.660886075949
"3","Zagunao",1975,11,49.6321518987342
"3","Zagunao",1975,12,32.4581012658228
"3","Zagunao",1976,1,23.4660759493671
"3","Zagunao",1976,2,19.0264556962025
"3","Zagunao",1976,3,20.7011392405063
"3","Zagunao",1976,4,32.4307594936709
"3","Zagunao",1976,5,92.8321518987342
"3","Zagunao",1976,6,147.556708860759
"3","Zagunao",1976,7,157.751772151899
"3","Zagunao",1976,8,96.1678481012658
"3","Zagunao",1976,9,115.153291139241
"3","Zagunao",1976,10,84.7389873417722
"3","Zagunao",1976,11,48.1317721518987
"3","Zagunao",1976,12,32.9639240506329
"3","Zagunao",1977,1,25.3594936708861
"3","Zagunao",1977,2,19.5083544303797
"3","Zagunao",1977,3,21.0907594936709
"3","Zagunao",1977,4,34.56
"3","Zagunao",1977,5,110.976835443038
"3","Zagunao",1977,6,174.416582278481
"3","Zagunao",1977,7,185.855696202532
"3","Zagunao",1977,8,117.094556962025
"3","Zagunao",1977,9,66.703670886076
"3","Zagunao",1977,10,65.2169620253165
"3","Zagunao",1977,11,38.0529113924051
"3","Zagunao",1977,12,28.353417721519
"3","Zagunao",1978,1,22.403164556962
"3","Zagunao",1978,2,17.5124050632911
"3","Zagunao",1978,3,19.1973417721519
"3","Zagunao",1978,4,31.5045569620253
"3","Zagunao",1978,5,83.4094936708861
"3","Zagunao",1978,6,161.384810126582
"3","Zagunao",1978,7,130.194683544304
"3","Zagunao",1978,8,87.6782278481013
"3","Zagunao",1978,9,68.3715189873418
"3","Zagunao",1978,10,60.6987341772152
"3","Zagunao",1978,11,38.7843037974684
"3","Zagunao",1978,12,28.62
"3","Zagunao",1979,1,22.399746835443
"3","Zagunao",1979,2,17.813164556962
"3","Zagunao",1979,3,18.7222784810127
"3","Zagunao",1979,4,28.0082278481013
"3","Zagunao",1979,5,87.2510126582279
"3","Zagunao",1979,6,109.462784810127
"3","Zagunao",1979,7,104.520759493671
"3","Zagunao",1979,8,83.1018987341772
"3","Zagunao",1979,9,133.902911392405
"3","Zagunao",1979,10,84.5270886075949
"3","Zagunao",1979,11,40.4111392405063
"3","Zagunao",1979,12,28.5755696202532
"3","Zagunao",1980,1,21.6991139240506
"3","Zagunao",1980,2,17.4474683544304
"3","Zagunao",1980,3,17.9669620253165
"3","Zagunao",1980,4,22.5979746835443
"3","Zagunao",1980,5,59.6050632911392
"3","Zagunao",1980,6,102.849493670886
"3","Zagunao",1980,7,144.521772151899
"3","Zagunao",1980,8,101.813924050633
"3","Zagunao",1980,9,124.989493670886
"3","Zagunao",1980,10,88.6112658227848
"3","Zagunao",1980,11,45.6641772151899
"3","Zagunao",1980,12,32.5435443037975
"3","Zagunao",1981,1,24.3512658227848
"3","Zagunao",1981,2,19.2144303797468
"3","Zagunao",1981,3,20.0175949367089
"3","Zagunao",1981,4,24.8673417721519
"3","Zagunao",1981,5,66.3892405063291
"3","Zagunao",1981,6,152.184303797468
"3","Zagunao",1981,7,128.267088607595
"3","Zagunao",1981,8,138.844936708861
"3","Zagunao",1981,9,152.074936708861
"3","Zagunao",1981,10,78.026582278481
"3","Zagunao",1981,11,41.1459493670886
"3","Zagunao",1981,12,28.9549367088608
"3","Zagunao",1982,1,21.880253164557
"3","Zagunao",1982,2,16.3879746835443
"3","Zagunao",1982,3,17.0305063291139
"3","Zagunao",1982,4,20.1508860759494
"3","Zagunao",1982,5,49.9158227848101
"3","Zagunao",1982,6,131.753164556962
"3","Zagunao",1982,7,196.040506329114
"3","Zagunao",1982,8,93.8027848101266
"3","Zagunao",1982,9,120.095316455696
"3","Zagunao",1982,10,71.9874683544304
"3","Zagunao",1982,11,40.0181012658228
"3","Zagunao",1982,12,28.2987341772152
"3","Zagunao",1983,1,21.5248101265823
"3","Zagunao",1983,2,16.6340506329114
"3","Zagunao",1983,3,17.5226582278481
"3","Zagunao",1983,4,21.606835443038
"3","Zagunao",1983,5,59.3179746835443
"3","Zagunao",1983,6,146.627088607595
"3","Zagunao",1983,7,181.891139240506
"3","Zagunao",1983,8,101.571265822785
"3","Zagunao",1983,9,67.9477215189873
"3","Zagunao",1983,10,44.5226582278481
"3","Zagunao",1983,11,28.5824050632911
"3","Zagunao",1983,12,21.2855696202532
"3","Zagunao",1984,1,16.2991139240506
"3","Zagunao",1984,2,13.3154430379747
"3","Zagunao",1984,3,13.4760759493671
"3","Zagunao",1984,4,17.8473417721519
"3","Zagunao",1984,5,65.6407594936709
"3","Zagunao",1984,6,123.369493670886
"3","Zagunao",1984,7,112.132025316456
"3","Zagunao",1984,8,92.1349367088608
"3","Zagunao",1984,9,108.099113924051
"3","Zagunao",1984,10,68.1117721518987
"3","Zagunao",1984,11,40.2573417721519
"3","Zagunao",1984,12,26.4805063291139
"3","Zagunao",1985,1,20.1269620253165
"3","Zagunao",1985,2,14.8124050632911
"3","Zagunao",1985,3,17.273164556962
"3","Zagunao",1985,4,28.7259493670886
"3","Zagunao",1985,5,86.4922784810127
"3","Zagunao",1985,6,130.061392405063
"3","Zagunao",1985,7,141.859367088608
"3","Zagunao",1985,8,92.7911392405063
"3","Zagunao",1985,9,79.0040506329114
"3","Zagunao",1985,10,63.3440506329114
"3","Zagunao",1985,11,36.2141772151899
"3","Zagunao",1985,12,25.0518987341772
"3","Zagunao",1986,1,18.7017721518987
"3","Zagunao",1986,2,14.4125316455696
"3","Zagunao",1986,3,15.5882278481013
"3","Zagunao",1986,4,22.0716455696203
"3","Zagunao",1986,5,66.1294936708861
"3","Zagunao",1986,6,118.509493670886
"3","Zagunao",1986,7,107.66164556962
"3","Zagunao",1986,8,61.0405063291139
"3","Zagunao",1986,9,109.65417721519
"3","Zagunao",1986,10,60.4287341772152
"3","Zagunao",1986,11,35.2777215189873
"3","Zagunao",1986,12,24.5973417721519
"3","Zagunao",1987,1,18.2232911392405
"3","Zagunao",1987,2,14.299746835443
"3","Zagunao",1987,3,14.853417721519
"3","Zagunao",1987,4,18.7427848101266
"3","Zagunao",1987,5,50.8762025316456
"3","Zagunao",1987,6,138.366455696203
"3","Zagunao",1987,7,141.886708860759
"3","Zagunao",1987,8,104.155063291139
"3","Zagunao",1987,9,109.387594936709
"3","Zagunao",1987,10,63.8225316455696
"3","Zagunao",1987,11,34.023417721519
"3","Zagunao",1987,12,23.0081012658228
"3","Zagunao",1988,1,17.4611392405063
"3","Zagunao",1988,2,14.2211392405063
"3","Zagunao",1988,3,15.8992405063291
"3","Zagunao",1988,4,21.6717721518987
"3","Zagunao",1988,5,67.0283544303797
"3","Zagunao",1988,6,141.958481012658
"3","Zagunao",1988,7,129.842658227848
"3","Zagunao",1988,8,102.80164556962
"3","Zagunao",1988,9,137.300126582278
"3","Zagunao",1988,10,96.2669620253165
"3","Zagunao",1988,11,46.8979746835443
"3","Zagunao",1988,12,31.9351898734177
"3","Zagunao",1989,1,21.7332911392405
"3","Zagunao",1989,2,17.276582278481
"3","Zagunao",1989,3,18.5377215189873
"3","Zagunao",1989,4,28.6986075949367
"3","Zagunao",1989,5,95.316835443038
"3","Zagunao",1989,6,190.138101265823
"3","Zagunao",1989,7,154.515189873418
"3","Zagunao",1989,8,102.70253164557
"3","Zagunao",1989,9,127.159746835443
"3","Zagunao",1989,10,103.051139240506
"3","Zagunao",1989,11,51.1906329113924
"3","Zagunao",1989,12,35.1922784810127
"3","Zagunao",1990,1,27.0717721518987
"3","Zagunao",1990,2,22.0613924050633
"3","Zagunao",1990,3,24.0641772151899
"3","Zagunao",1990,4,30.9543037974684
"3","Zagunao",1990,5,64.7794936708861
"3","Zagunao",1990,6,132.915189873418
"3","Zagunao",1990,7,123.936835443038
"3","Zagunao",1990,8,108.70746835443
"3","Zagunao",1990,9,123.536962025316
"3","Zagunao",1990,10,75.2855696202532
"3","Zagunao",1990,11,47.2055696202532
"3","Zagunao",1990,12,32.9194936708861
"3","Zagunao",1991,1,25.0177215189873
"3","Zagunao",1991,2,19.8569620253165
"3","Zagunao",1991,3,21.6751898734177
"3","Zagunao",1991,4,24.6554430379747
"3","Zagunao",1991,5,74.0175949367089
"3","Zagunao",1991,6,123.229367088608
"3","Zagunao",1991,7,112.135443037975
"3","Zagunao",1991,8,107.22417721519
"3","Zagunao",1991,9,87.0117721518987
"3","Zagunao",1991,10,86.0411392405063
"3","Zagunao",1991,11,47.6772151898734
"3","Zagunao",1991,12,32.0001265822785
"3","Zagunao",1992,1,24.6520253164557
"3","Zagunao",1992,2,20.7011392405063
"3","Zagunao",1992,3,22.5911392405063
"3","Zagunao",1992,4,35.3870886075949
"3","Zagunao",1992,5,91.9572151898734
"3","Zagunao",1992,6,211.351898734177
"3","Zagunao",1992,7,197.06582278481
"3","Zagunao",1992,8,119.924430379747
"3","Zagunao",1992,9,102.152278481013
"3","Zagunao",1992,10,86.2120253164557
"3","Zagunao",1992,11,45.5274683544304
"3","Zagunao",1992,12,30.6808860759494
"3","Zagunao",1993,1,24.3683544303797
"3","Zagunao",1993,2,19.5425316455696
"3","Zagunao",1993,3,20.0278481012658
"3","Zagunao",1993,4,27.0922784810127
"3","Zagunao",1993,5,87.9345569620253
"3","Zagunao",1993,6,119.056329113924
"3","Zagunao",1993,7,159.026582278481
"3","Zagunao",1993,8,161.043037974684
"3","Zagunao",1993,9,113.437594936709
"3","Zagunao",1993,10,91.9503797468354
"3","Zagunao",1993,11,56.4539240506329
"3","Zagunao",1993,12,35.5237974683544
"3","Zagunao",1994,1,26.4224050632911
"3","Zagunao",1994,2,20.0586075949367
"3","Zagunao",1994,3,20.7182278481013
"3","Zagunao",1994,4,34.7548101265823
"3","Zagunao",1994,5,81.27
"3","Zagunao",1994,6,166.514810126582
"3","Zagunao",1994,7,107.736835443038
"3","Zagunao",1994,8,64.3693670886076
"3","Zagunao",1994,9,93.2798734177215
"3","Zagunao",1994,10,95.7918987341772
"3","Zagunao",1994,11,43.1350632911392
"3","Zagunao",1994,12,30.2810126582278
"3","Zagunao",1995,1,24.0881012658228
"3","Zagunao",1995,2,18.7530379746835
"3","Zagunao",1995,3,22.1570886075949
"3","Zagunao",1995,4,33.9106329113924
"3","Zagunao",1995,5,142.105443037975
"3","Zagunao",1995,6,167.43417721519
"3","Zagunao",1995,7,140.475189873418
"3","Zagunao",1995,8,98.1467088607595
"3","Zagunao",1995,9,82.893417721519
"3","Zagunao",1995,10,67.0283544303797
"3","Zagunao",1995,11,42.5437974683544
"3","Zagunao",1995,12,33.2441772151899
"3","Zagunao",1996,1,29.7991139240506
"3","Zagunao",1996,2,24.2111392405063
"3","Zagunao",1996,3,27.6903797468354
"3","Zagunao",1996,4,35.9612658227848
"3","Zagunao",1996,5,75.1932911392405
"3","Zagunao",1996,6,129.282151898734
"3","Zagunao",1996,7,139.583164556962
"3","Zagunao",1996,8,100.098227848101
"3","Zagunao",1996,9,87.0425316455696
"3","Zagunao",1996,10,84.1101265822785
"3","Zagunao",1996,11,51.7989873417722
"3","Zagunao",1996,12,41.2416455696203
"3","Zagunao",1997,1,34.293417721519
"3","Zagunao",1997,2,24.9869620253165
"3","Zagunao",1997,3,32.0924050632911
"3","Zagunao",1997,4,38.8492405063291
"3","Zagunao",1997,5,84.8722784810127
"3","Zagunao",1997,6,144.275696202532
"3","Zagunao",1997,7,135.577594936709
"3","Zagunao",1997,8,86.2769620253165
"3","Zagunao",1997,9,59.3521518987342
"3","Zagunao",1997,10,55.2953164556962
"3","Zagunao",1997,11,47.4789873417722
"3","Zagunao",1997,12,34.6522784810127
"3","Zagunao",1998,1,37.6769620253165
"3","Zagunao",1998,2,28.8113924050633
"3","Zagunao",1998,3,28.2645569620253
"3","Zagunao",1998,4,31.5148101265823
"3","Zagunao",1998,5,80.3574683544304
"3","Zagunao",1998,6,107.128481012658
"3","Zagunao",1998,7,149.306582278481
"3","Zagunao",1998,8,123.577974683544
"3","Zagunao",1998,9,90.7746835443038
"3","Zagunao",1998,10,82.4081012658228
"3","Zagunao",1998,11,53.0737974683544
"3","Zagunao",1998,12,33.5996202531646
"3","Zagunao",1999,1,24.4264556962025
"3","Zagunao",1999,2,19.1187341772152
"3","Zagunao",1999,3,21.5589873417722
"3","Zagunao",1999,4,37.2189873417721
"3","Zagunao",1999,5,94.4760759493671
"3","Zagunao",1999,6,160.359493670886
"3","Zagunao",1999,7,196.655696202532
"3","Zagunao",1999,8,111.434810126582
"3","Zagunao",1999,9,76.1058227848101
"3","Zagunao",1999,10,96.5130379746835
"3","Zagunao",1999,11,54.0820253164557
"3","Zagunao",1999,12,33.6030379746835
"3","Zagunao",2000,1,26.0396202531646
"3","Zagunao",2000,2,22.5330379746835
"3","Zagunao",2000,3,22.143417721519
"3","Zagunao",2000,4,33.216835443038
"3","Zagunao",2000,5,87.8456962025316
"3","Zagunao",2000,6,140.136835443038
"3","Zagunao",2000,7,121.390632911392
"3","Zagunao",2000,8,82.8011392405063
"3","Zagunao",2000,9,86.3760759493671
"3","Zagunao",2000,10,58.6412658227848
"3","Zagunao",2000,11,38.1964556962025
"3","Zagunao",2000,12,27.7758227848101
"3","Zagunao",2001,1,22.5774683544304
"3","Zagunao",2001,2,19.173417721519
"3","Zagunao",2001,3,21.2582278481013
"3","Zagunao",2001,4,36.6824050632911
"3","Zagunao",2001,5,81.2426582278481
"3","Zagunao",2001,6,138.838101265823
"3","Zagunao",2001,7,103.389493670886
"3","Zagunao",2001,8,104.818101265823
"3","Zagunao",2001,9,132.149620253165
"3","Zagunao",2001,10,90.3440506329114
"3","Zagunao",2001,11,54.1640506329114
"3","Zagunao",2001,12,36.4739240506329
"3","Zagunao",2002,1,25.4244303797468
"3","Zagunao",2002,2,20.0791139240506
"3","Zagunao",2002,3,22.2903797468354
"3","Zagunao",2002,4,32.3418987341772
"3","Zagunao",2002,5,65.3536708860759
"3","Zagunao",2002,6,139.579746835443
"3","Zagunao",2002,7,104.941139240506
"3","Zagunao",2002,8,96.3011392405063
"3","Zagunao",2002,9,52.6226582278481
"3","Zagunao",2002,10,52.7012658227848
"3","Zagunao",2002,11,37.789746835443
"3","Zagunao",2002,12,26.9008860759494
"3","Zagunao",2003,1,21.4872151898734
"3","Zagunao",2003,2,16.7810126582278
"3","Zagunao",2003,3,17.8712658227848
"3","Zagunao",2003,4,24.6656962025316
"3","Zagunao",2003,5,76.8884810126582
"3","Zagunao",2003,6,151.616962025316
"3","Zagunao",2003,7,159.217974683544
"3","Zagunao",2003,8,123.786455696203
"3","Zagunao",2003,9,121.048860759494
"3","Zagunao",2003,10,60.5996202531646
"3","Zagunao",2003,11,36.2107594936709
"3","Zagunao",2003,12,26.6411392405063
"3","Zagunao",2004,1,22.8474683544304
"3","Zagunao",2004,2,17.6354430379747
"3","Zagunao",2004,3,25.5748101265823
"3","Zagunao",2004,4,35.7391139240506
"3","Zagunao",2004,5,81.9398734177215
"3","Zagunao",2004,6,157.625316455696
"3","Zagunao",2004,7,113.150506329114
"3","Zagunao",2004,8,85.6105063291139
"3","Zagunao",2004,9,136.630253164557
"3","Zagunao",2004,10,105.409367088608
"3","Zagunao",2004,11,53.1694936708861
"3","Zagunao",2004,12,35.8587341772152
"3","Zagunao",2005,1,27.3862025316456
"3","Zagunao",2005,2,20.3456962025316
"3","Zagunao",2005,3,24.1086075949367
"3","Zagunao",2005,4,33.6543037974684
"3","Zagunao",2005,5,109.414936708861
"3","Zagunao",2005,6,182.950632911392
"3","Zagunao",2005,7,149.395443037975
"3","Zagunao",2005,8,143.407594936709
"3","Zagunao",2005,9,102.036075949367
"3","Zagunao",2005,10,73.1426582278481
"3","Zagunao",2005,11,42.5130379746835
"3","Zagunao",2005,12,30.3254430379747
"3","Zagunao",2006,1,23.1106329113924
"3","Zagunao",2006,2,17.6935443037975
"3","Zagunao",2006,3,20.3935443037975
"3","Zagunao",2006,4,31.9112658227848
"3","Zagunao",2006,5,79.2467088607595
"3","Zagunao",2006,6,135.136708860759
"3","Zagunao",2006,7,127.293037974684
"3","Zagunao",2006,8,66.2525316455696
"3","Zagunao",2006,9,73.1529113924051
"3","Zagunao",2006,10,72.3087341772152
"3","Zagunao",2006,11,38.2613924050633
"3","Zagunao",2006,12,27.0615189873418
"0","Zipingpu",1988,1,13.7099285146942
"0","Zipingpu",1988,2,11.7197776012709
"0","Zipingpu",1988,3,14.6554408260524
"0","Zipingpu",1988,4,22.5321683876092
"0","Zipingpu",1988,5,55.9034154090548
"0","Zipingpu",1988,6,98.59253375695
"0","Zipingpu",1988,7,112.279586973789
"0","Zipingpu",1988,8,87.4598888006354
"0","Zipingpu",1988,9,96.7625099285147
"0","Zipingpu",1988,10,76.7046862589357
"0","Zipingpu",1988,11,35.1135822081017
"0","Zipingpu",1988,12,21.9831612390786
"0","Zipingpu",1989,1,16.5464654487689
"0","Zipingpu",1989,2,13.023669579031
"0","Zipingpu",1989,3,16.0737092930898
"0","Zipingpu",1989,4,31.4535345512311
"0","Zipingpu",1989,5,78.9502779984114
"0","Zipingpu",1989,6,128.330420969023
"0","Zipingpu",1989,7,112.279586973789
"0","Zipingpu",1989,8,79.0684670373312
"0","Zipingpu",1989,9,85.4392374900715
"0","Zipingpu",1989,10,71.6225575853852
"0","Zipingpu",1989,11,34.5416997617156
"0","Zipingpu",1989,12,22.9286735504369
"0","Zipingpu",1990,1,16.3100873709293
"0","Zipingpu",1990,2,13.023669579031
"0","Zipingpu",1990,3,15.8373312152502
"0","Zipingpu",1990,4,30.6528991262907
"0","Zipingpu",1990,5,64.7675933280381
"0","Zipingpu",1990,6,99.164416203336
"0","Zipingpu",1990,7,91.3601270849881
"0","Zipingpu",1990,8,100.106115965052
"0","Zipingpu",1990,9,124.670373312153
"0","Zipingpu",1990,10,61.8128673550437
"0","Zipingpu",1990,11,39.3455123113582
"0","Zipingpu",1990,12,25.0560762509929
"0","Zipingpu",1991,1,18.082922954726
"0","Zipingpu",1991,2,13.9844320889595
"0","Zipingpu",1991,3,17.019221604448
"0","Zipingpu",1991,4,25.2772041302621
"0","Zipingpu",1991,5,60.1582208101668
"0","Zipingpu",1991,6,80.5210484511517
"0","Zipingpu",1991,7,69.1405877680699
"0","Zipingpu",1991,8,78.122954725973
"0","Zipingpu",1991,9,65.9952343129468
"0","Zipingpu",1991,10,68.6678316123908
"0","Zipingpu",1991,11,34.6560762509929
"0","Zipingpu",1991,12,22.1013502779984
"0","Zipingpu",1992,1,17.2555996822875
"0","Zipingpu",1992,2,13.5993645750596
"0","Zipingpu",1992,3,17.019221604448
"0","Zipingpu",1992,4,33.054805401112
"0","Zipingpu",1992,5,69.1405877680699
"0","Zipingpu",1992,6,140.339952343129
"0","Zipingpu",1992,7,149.981890389198
"0","Zipingpu",1992,8,78.2411437648928
"0","Zipingpu",1992,9,70.9134233518666
"0","Zipingpu",1992,10,58.5035742652899
"0","Zipingpu",1992,11,32.5972994440032
"0","Zipingpu",1992,12,21.6285941223193
"0","Zipingpu",1993,1,16.1918983320095
"0","Zipingpu",1993,2,12.5966640190627
"0","Zipingpu",1993,3,13.828117553614
"0","Zipingpu",1993,4,26.1922160444797
"0","Zipingpu",1993,5,68.9042096902303
"0","Zipingpu",1993,6,79.9491660047657
"0","Zipingpu",1993,7,105.188244638602
"0","Zipingpu",1993,8,106.48832406672
"0","Zipingpu",1993,9,80.8641779189833
"0","Zipingpu",1993,10,65.5949166004766
"0","Zipingpu",1993,11,39.803018268467
"0","Zipingpu",1993,12,23.8741858617951
"0","Zipingpu",1994,1,17.4919777601271
"0","Zipingpu",1994,2,12.3831612390786
"0","Zipingpu",1994,3,14.5372517871326
"0","Zipingpu",1994,4,32.0254169976172
"0","Zipingpu",1994,5,59.6854646544877
"0","Zipingpu",1994,6,110.945194598888
"0","Zipingpu",1994,7,76.7046862589357
"0","Zipingpu",1994,8,46.5664813343924
"0","Zipingpu",1994,9,72.4003177124702
"0","Zipingpu",1994,10,66.3040508339952
"0","Zipingpu",1994,11,32.9404289118348
"0","Zipingpu",1994,12,21.0376489277204
"0","Zipingpu",1995,1,16.0737092930898
"0","Zipingpu",1995,2,11.4223987291501
"0","Zipingpu",1995,3,15.8373312152502
"0","Zipingpu",1995,4,32.9404289118348
"0","Zipingpu",1995,5,102.588085782367
"0","Zipingpu",1995,6,102.366957903098
"0","Zipingpu",1995,7,91.0055599682288
"0","Zipingpu",1995,8,72.0953137410643
"0","Zipingpu",1995,9,63.7077045274027
"0","Zipingpu",1995,10,53.0668784749802
"0","Zipingpu",1995,11,32.0254169976172
"0","Zipingpu",1995,12,18.7920571882446
"0","Zipingpu",1996,1,12.8826052422558
"0","Zipingpu",1996,2,11.2775218427323
"0","Zipingpu",1996,3,13.2371723590151
"0","Zipingpu",1996,4,19.6727561556791
"0","Zipingpu",1996,5,58.5035742652899
"0","Zipingpu",1996,6,85.5536139793487
"0","Zipingpu",1996,7,84.9779189833201
"0","Zipingpu",1996,8,70.9134233518666
"0","Zipingpu",1996,9,54.900714853058
"0","Zipingpu",1996,10,54.2487688641779
"0","Zipingpu",1996,11,29.0516282764099
"0","Zipingpu",1996,12,16.6646544876886
"0","Zipingpu",1997,1,13.1189833200953
"0","Zipingpu",1997,2,10.1413820492454
"0","Zipingpu",1997,3,15.4827640984909
"0","Zipingpu",1997,4,26.4209690230342
"0","Zipingpu",1997,5,79.7776012708499
"0","Zipingpu",1997,6,98.3637807783956
"0","Zipingpu",1997,7,77.5320095313741
"0","Zipingpu",1997,8,60.3945988880064
"0","Zipingpu",1997,9,37.6298649722002
"0","Zipingpu",1997,10,36.7567911040508
"0","Zipingpu",1997,11,20.0158856235107
"0","Zipingpu",1997,12,13.5917394757744
"0","Zipingpu",1998,1,13.2371723590151
"0","Zipingpu",1998,2,10.9953931691819
"0","Zipingpu",1998,3,14.4190627482129
"0","Zipingpu",1998,4,21.3884034948372
"0","Zipingpu",1998,5,62.167434471803
"0","Zipingpu",1998,6,68.2827640984909
"0","Zipingpu",1998,7,102.588085782367
"0","Zipingpu",1998,8,87.8144559173948
"0","Zipingpu",1998,9,62.6783161239079
"0","Zipingpu",1998,10,64.0584590945195
"0","Zipingpu",1998,11,36.3717235901509
"0","Zipingpu",1998,12,22.6922954725973
"0","Zipingpu",1999,1,16.7828435266084
"0","Zipingpu",1999,2,11.6359015091342
"0","Zipingpu",1999,3,14.891818903892
"0","Zipingpu",1999,4,31.5679110405083
"0","Zipingpu",1999,5,67.6041302621128
"0","Zipingpu",1999,6,104.768864177919
"0","Zipingpu",1999,7,137.572041302621
"0","Zipingpu",1999,8,83.3232724384432
"0","Zipingpu",1999,9,58.7895154884829
"0","Zipingpu",1999,10,83.7960285941223
"0","Zipingpu",1999,11,38.4305003971406
"0","Zipingpu",1999,12,23.1650516282764
"0","Zipingpu",2000,1,17.019221604448
"0","Zipingpu",2000,2,13.7099285146942
"0","Zipingpu",2000,3,17.019221604448
"0","Zipingpu",2000,4,36.6004765687053
"0","Zipingpu",2000,5,64.294837172359
"0","Zipingpu",2000,6,95.1612390786338
"0","Zipingpu",2000,7,82.8505162827641
"0","Zipingpu",2000,8,58.8581413820492
"0","Zipingpu",2000,9,62.4495631453535
"0","Zipingpu",2000,10,47.6301826846704
"0","Zipingpu",2000,11,27.7934868943606
"0","Zipingpu",2000,12,18.5556791104051
"0","Zipingpu",2001,1,13.9463065925338
"0","Zipingpu",2001,2,11.7426528991263
"0","Zipingpu",2001,3,13.5917394757744
"0","Zipingpu",2001,4,31.6822875297855
"0","Zipingpu",2001,5,62.2856235107228
"0","Zipingpu",2001,6,86.0111199364575
"0","Zipingpu",2001,7,59.3308975377284
"0","Zipingpu",2001,8,73.7499602859412
"0","Zipingpu",2001,9,103.853852263701
"0","Zipingpu",2001,10,68.4314535345512
"0","Zipingpu",2001,11,37.1723590150913
"0","Zipingpu",2001,12,21.7467831612391
"0","Zipingpu",2002,1,15.8373312152502
"0","Zipingpu",2002,2,13.5574265289913
"0","Zipingpu",2002,3,14.891818903892
"0","Zipingpu",2002,4,27.1072279586974
"0","Zipingpu",2002,5,48.9302621127879
"0","Zipingpu",2002,6,73.3153296266878
"0","Zipingpu",2002,7,60.5127879269261
"0","Zipingpu",2002,8,68.7860206513106
"0","Zipingpu",2002,9,35.5710881652105
"0","Zipingpu",2002,10,34.3930103256553
"0","Zipingpu",2002,11,24.4765687053217
"0","Zipingpu",2002,12,16.1918983320095
"0","Zipingpu",2003,1,12.0552819698173
"0","Zipingpu",2003,2,10.0346306592534
"0","Zipingpu",2003,3,11.4643367752184
"0","Zipingpu",2003,4,23.2184273232724
"0","Zipingpu",2003,5,67.9586973788721
"0","Zipingpu",2003,6,89.4424146147736
"0","Zipingpu",2003,7,96.6786338363781
"0","Zipingpu",2003,8,102.351707704527
"0","Zipingpu",2003,9,78.1191421763304
"0","Zipingpu",2003,10,39.7115170770453
"0","Zipingpu",2003,11,23.3328038125496
"0","Zipingpu",2003,12,17.019221604448
"0","Zipingpu",2004,1,13.3553613979349
"0","Zipingpu",2004,2,11.8303415409055
"0","Zipingpu",2004,3,17.1374106433678
"0","Zipingpu",2004,4,29.7378872120731
"0","Zipingpu",2004,5,56.6125496425735
"0","Zipingpu",2004,6,91.8443208895949
"0","Zipingpu",2004,7,68.7860206513106
"0","Zipingpu",2004,8,56.0216044479746
"0","Zipingpu",2004,9,93.7887212073074
"0","Zipingpu",2004,10,79.186656076251
"0","Zipingpu",2004,11,35.5710881652105
"0","Zipingpu",2004,12,21.5104050833995
"10","Heishui",1988,1,17.5296408164963
"10","Heishui",1988,2,13.3092990081699
"10","Heishui",1988,3,18.3122140672328
"10","Heishui",1988,4,25.9006501695352
"10","Heishui",1988,5,81.7006473768847
"10","Heishui",1988,6,134.198690352095
"10","Heishui",1988,7,148.219373689482
"10","Heishui",1988,8,97.8216563420554
"10","Heishui",1988,9,127.988592943025
"10","Heishui",1988,10,111.907974855311
"10","Heishui",1988,11,44.8338739776749
"10","Heishui",1988,12,28.172637026512
"10","Heishui",1989,1,21.2859924200313
"10","Heishui",1989,2,16.8228004609924
"10","Heishui",1989,3,19.8773605687057
"10","Heishui",1989,4,30.747555464419
"10","Heishui",1989,5,95.4739365898461
"10","Heishui",1989,6,216.596080365119
"10","Heishui",1989,7,140.706670482413
"10","Heishui",1989,8,105.177844898978
"10","Heishui",1989,9,143.438103570467
"10","Heishui",1989,10,94.2218193886678
"10","Heishui",1989,11,42.8648187016284
"10","Heishui",1989,12,28.172637026512
"10","Heishui",1990,1,20.9729631197367
"10","Heishui",1990,2,16.9641685320932
"10","Heishui",1990,3,18.4687287173801
"10","Heishui",1990,4,29.2328975597678
"10","Heishui",1990,5,72.9358269686365
"10","Heishui",1990,6,139.348527227909
"10","Heishui",1990,7,118.168560861203
"10","Heishui",1990,8,114.568723907815
"10","Heishui",1990,9,149.345269398606
"10","Heishui",1990,10,74.0314295196675
"10","Heishui",1990,11,44.2280108158145
"10","Heishui",1990,12,26.2944612247445
"10","Heishui",1991,1,19.4078166182638
"10","Heishui",1991,2,15.4091197499847
"10","Heishui",1991,3,18.6252433675274
"10","Heishui",1991,4,27.1123764932561
"10","Heishui",1991,5,82.3267059774738
"10","Heishui",1991,6,109.50976650628
"10","Heishui",1991,7,87.6482040824816
"10","Heishui",1991,8,91.4045556860166
"10","Heishui",1991,9,85.1237742413963
"10","Heishui",1991,10,84.8309403798305
"10","Heishui",1991,11,43.0162844920935
"10","Heishui",1991,12,26.4509758748918
"10","Heishui",1992,1,19.0947873179692
"10","Heishui",1992,2,15.6666115937754
"10","Heishui",1992,3,18.7817580176746
"10","Heishui",1992,4,39.0781739400005
"10","Heishui",1992,5,90.4654677851328
"10","Heishui",1992,6,207.508132937212
"10","Heishui",1992,7,186.252433675273
"10","Heishui",1992,8,88.9003212836599
"10","Heishui",1992,9,98.6042295927918
"10","Heishui",1992,10,62.7623747090627
"10","Heishui",1992,11,29.6872949311631
"10","Heishui",1992,12,19.4078166182638
"10","Heishui",1993,1,16.7470675657599
"10","Heishui",1993,2,13.458240368794
"10","Heishui",1993,3,14.1489243733149
"10","Heishui",1993,4,25.7491843790701
"10","Heishui",1993,5,112.690548106048
"10","Heishui",1993,6,138.136800904188
"10","Heishui",1993,7,162.77523615318
"10","Heishui",1993,8,186.252433675273
"10","Heishui",1993,9,124.504879762327
"10","Heishui",1993,10,84.8309403798305
"10","Heishui",1993,11,43.622147653954
"10","Heishui",1993,12,24.416285422977
"10","Heishui",1994,1,17.6861554666436
"10","Heishui",1994,2,13.0482729626017
"10","Heishui",1994,3,13.9767582581529
"10","Heishui",1994,4,30.5960896739538
"10","Heishui",1994,5,86.8656308317452
"10","Heishui",1994,6,156.009764179072
"10","Heishui",1994,7,83.7353378287994
"10","Heishui",1994,8,67.770843513776
"10","Heishui",1994,9,106.631916487443
"10","Heishui",1994,10,71.057651166869
"10","Heishui",1994,11,33.1710081118609
"10","Heishui",1994,12,18.6252433675274
"10","Heishui",1995,1,13.5541687027552
"10","Heishui",1995,2,10.92775189609
"10","Heishui",1995,3,15.1193152042281
"10","Heishui",1995,4,29.6872949311631
"10","Heishui",1995,5,169.035822159072
"10","Heishui",1995,6,168.127027416281
"10","Heishui",1995,7,107.525564651187
"10","Heishui",1995,8,62.1363161084736
"10","Heishui",1995,9,60.283384605117
"10","Heishui",1995,10,61.9798014583263
"10","Heishui",1995,11,34.3827344355818
"10","Heishui",1995,12,19.4078166182638
"10","Heishui",1996,1,13.4133055176226
"10","Heishui",1996,2,11.4205206010699
"10","Heishui",1996,3,13.0220188922544
"10","Heishui",1996,4,25.4462527981398
"10","Heishui",1996,5,77.4747518229079
"10","Heishui",1996,6,146.618885170234
"10","Heishui",1996,7,119.733707362676
"10","Heishui",1996,8,76.0661199715823
"10","Heishui",1996,9,65.433221480931
"10","Heishui",1996,10,64.3275212105356
"10","Heishui",1996,11,35.7459265497679
"10","Heishui",1996,12,17.5296408164963
"10","Heishui",1997,1,13.1002762173281
"10","Heishui",1997,2,10.3622796116869
"10","Heishui",1997,3,14.0550155832265
"10","Heishui",1997,4,23.9315948934887
"10","Heishui",1997,5,102.673610496621
"10","Heishui",1997,6,162.068395797676
"10","Heishui",1997,7,135.854716327847
"10","Heishui",1997,8,75.909605321435
"10","Heishui",1997,9,34.0798028546516
"10","Heishui",1997,10,28.9552102772484
"10","Heishui",1997,11,18.9332238081398
"10","Heishui",1997,12,13.3506996575637
"10","Heishui",1998,1,12.3333544316063
"10","Heishui",1998,2,10.3057323832466
"10","Heishui",1998,3,13.3037452625195
"10","Heishui",1998,4,32.8680765309306
"10","Heishui",1998,5,90.7784970854274
"10","Heishui",1998,6,96.6351743167453
"10","Heishui",1998,7,146.02816858742
"10","Heishui",1998,8,132.880937975048
"10","Heishui",1998,9,89.6677479553499
"10","Heishui",1998,10,78.5703543739389
"10","Heishui",1998,11,42.7133529111633
"10","Heishui",1998,12,22.5381096212096
"10","Heishui",1999,1,15.6201620846994
"10","Heishui",1999,2,12.1152436933366
"10","Heishui",1999,3,13.7889406779761
"10","Heishui",1999,4,37.260584454419
"10","Heishui",1999,5,87.3351747821871
"10","Heishui",1999,6,168.127027416281
"10","Heishui",1999,7,198.773605687057
"10","Heishui",1999,8,99.230288193381
"10","Heishui",1999,9,61.9495083002333
"10","Heishui",1999,10,114.412209257668
"10","Heishui",1999,11,45.4397371395354
"10","Heishui",1999,12,25.6684026241553
"10","Heishui",2000,1,17.0600968660545
"10","Heishui",2000,2,13.6021328697358
"10","Heishui",2000,3,15.1506181342575
"10","Heishui",2000,4,32.4136791595353
"10","Heishui",2000,5,84.6744257296832
"10","Heishui",2000,6,150.708461512792
"10","Heishui",2000,7,117.855531560908
"10","Heishui",2000,8,79.5094422748226
"10","Heishui",2000,9,79.519539994187
"10","Heishui",2000,10,58.2234498547914
"10","Heishui",2000,11,31.6563502072097
"10","Heishui",2000,12,20.3469045191475
"10","Heishui",2001,1,16.277523615318
"10","Heishui",2001,2,13.0058625412715
"10","Heishui",2001,3,14.3523934185064
"10","Heishui",2001,4,29.8387607216283
"10","Heishui",2001,5,77.7877811232024
"10","Heishui",2001,6,134.501621933025
"10","Heishui",2001,7,91.091526385722
"10","Heishui",2001,8,92.0306142866057
"10","Heishui",2001,9,135.107485094885
"10","Heishui",2001,10,81.857162027032
"10","Heishui",2001,11,46.197066091861
"10","Heishui",2001,12,29.7377835279848
"10","Heishui",2002,1,19.2513019681165
"10","Heishui",2002,2,15.833223963287
"10","Heishui",2002,3,16.277523615318
"10","Heishui",2002,4,35.897392340233
"10","Heishui",2002,5,70.7446218665745
"10","Heishui",2002,6,118.294782353257
"10","Heishui",2002,7,74.6574881202567
"10","Heishui",2002,8,73.4053709190784
"10","Heishui",2002,9,40.1384344732563
"10","Heishui",2002,10,32.8680765309306
"10","Heishui",2002,11,19.8420185509305
"10","Heishui",2002,12,14.3836963485358
"1","Shaba",1980,1,12.6834986040786
"1","Shaba",1980,2,11.1707447051045
"1","Shaba",1980,3,12.6238115518242
"1","Shaba",1980,4,19.711167659849
"1","Shaba",1980,5,44.6160715602296
"1","Shaba",1980,6,75.7760822674414
"1","Shaba",1980,7,124.634025988902
"1","Shaba",1980,8,78.6376913452876
"1","Shaba",1980,9,96.2453717603615
"1","Shaba",1980,10,61.8507078987129
"1","Shaba",1980,11,30.0144043816821
"1","Shaba",1980,12,19.0401696691816
"1","Shaba",1981,1,14.1532922658454
"1","Shaba",1981,2,11.9041974944011
"1","Shaba",1981,3,13.9182744975934
"1","Shaba",1981,4,27.2996061984941
"1","Shaba",1981,5,58.5306156170571
"1","Shaba",1981,6,114.295891595388
"1","Shaba",1981,7,99.3789420037221
"1","Shaba",1981,8,97.7748524743828
"1","Shaba",1981,9,145.414987790974
"1","Shaba",1981,10,72.5943773045207
"1","Shaba",1981,11,33.7580821954666
"1","Shaba",1981,12,21.6626695276131
"1","Shaba",1982,1,16.5930005267476
"1","Shaba",1982,2,12.7937271118712
"1","Shaba",1982,3,14.9366848266856
"1","Shaba",1982,4,21.7183854655039
"1","Shaba",1982,5,60.1720095540555
"1","Shaba",1982,6,115.162316547469
"1","Shaba",1982,7,137.914395115526
"1","Shaba",1982,8,70.2441996220003
"1","Shaba",1982,9,98.8807476562754
"1","Shaba",1982,10,65.8422795182318
"1","Shaba",1982,11,31.1985184828599
"1","Shaba",1982,12,20.7673637437958
"1","Shaba",1983,1,15.7014251836962
"1","Shaba",1983,2,12.3557011638746
"1","Shaba",1983,3,15.5186335861668
"1","Shaba",1983,4,26.2057446964915
"1","Shaba",1983,5,62.3729696059397
"1","Shaba",1983,6,124.512485822013
"1","Shaba",1983,7,169.697750441041
"1","Shaba",1983,8,96.6184158369521
"1","Shaba",1983,9,85.5955650576959
"1","Shaba",1983,10,58.3440935787618
"1","Shaba",1983,11,29.1660299494359
"1","Shaba",1983,12,19.3460658119858
"1","Shaba",1984,1,14.9068413005583
"1","Shaba",1984,2,13.1913198954374
"1","Shaba",1984,3,14.3099707780134
"1","Shaba",1984,4,26.4584519741819
"1","Shaba",1984,5,67.5209778628893
"1","Shaba",1984,6,98.1948279025444
"1","Shaba",1984,7,95.1262395305899
"1","Shaba",1984,8,71.1395054058176
"1","Shaba",1984,9,93.0684802693968
"1","Shaba",1984,10,62.4102740135988
"1","Shaba",1984,11,30.5559199767329
"1","Shaba",1984,12,18.6522038295274
"1","Shaba",1985,1,14.9217630636219
"1","Shaba",1985,2,10.7451134473946
"1","Shaba",1985,3,13.5899957101937
"1","Shaba",1985,4,26.8519533065855
"1","Shaba",1985,5,69.1250673922286
"1","Shaba",1985,6,90.1081950164525
"1","Shaba",1985,7,107.585911688714
"1","Shaba",1985,8,75.9517739938357
"1","Shaba",1985,9,70.036016959903
"1","Shaba",1985,10,53.1214765064941
"1","Shaba",1985,11,26.9385958017936
"1","Shaba",1985,12,17.208523253122
"1","Shaba",1986,1,12.4447503950607
"1","Shaba",1986,2,9.35353870491295
"1","Shaba",1986,3,12.4223677504653
"1","Shaba",1986,4,24.7617031096894
"1","Shaba",1986,5,62.1864475676444
"1","Shaba",1986,6,120.433068339297
"1","Shaba",1986,7,79.7195191674002
"1","Shaba",1986,8,41.2586748709147
"1","Shaba",1986,9,68.4475712144206
"1","Shaba",1986,10,38.6846707424399
"1","Shaba",1986,11,22.6497922889913
"1","Shaba",1986,12,14.8620760113675
"1","Shaba",1987,1,11.2211658238437
"1","Shaba",1987,2,9.35353870491295
"1","Shaba",1987,3,11.247278909205
"1","Shaba",1987,4,19.0974499854581
"1","Shaba",1987,5,57.4114833872854
"1","Shaba",1987,6,104.043196329093
"1","Shaba",1987,7,111.875918569505
"1","Shaba",1987,8,71.1022009981585
"1","Shaba",1987,9,67.5450452226693
"1","Shaba",1987,10,43.5715481457761
"1","Shaba",1987,11,23.3862534982604
"1","Shaba",1987,12,15.3358419886374
"1","Shaba",1988,1,12.5715853811015
"1","Shaba",1988,2,10.4693015043154
"1","Shaba",1988,3,14.3995013563952
"1","Shaba",1988,4,23.1768674681741
"1","Shaba",1988,5,62.2983607906216
"1","Shaba",1988,6,102.526952662951
"1","Shaba",1988,7,111.913222977165
"1","Shaba",1988,8,74.9818593947002
"1","Shaba",1988,9,96.0287655223412
"1","Shaba",1988,10,85.8001376158261
"1","Shaba",1988,11,36.4620500667536
"1","Shaba",1988,12,22.419949003092
"1","Shaba",1989,1,15.8543732550983
"1","Shaba",1989,2,12.3658094549822
"1","Shaba",1989,3,15.8916776627574
"1","Shaba",1989,4,27.0757797525398
"1","Shaba",1989,5,80.5775205435585
"1","Shaba",1989,6,155.234470581228
"1","Shaba",1989,7,111.167134823983
"1","Shaba",1989,8,79.0853442371963
"1","Shaba",1989,9,98.1948279025444
"1","Shaba",1989,10,70.1322863990231
"1","Shaba",1989,11,32.3465315443676
"1","Shaba",1989,12,21.2635123656613
"1","Shaba",1990,1,15.4813291785078
"1","Shaba",1990,2,12.4331980623663
"1","Shaba",1990,3,14.6606322100086
"1","Shaba",1990,4,27.7616995062708
"1","Shaba",1990,5,69.386198245842
"1","Shaba",1990,6,109.02513980356
"1","Shaba",1990,7,82.8157850031018
"1","Shaba",1990,8,84.6810053860545
"1","Shaba",1990,9,120.938482894678
"1","Shaba",1990,10,55.9566114885823
"1","Shaba",1990,11,31.5523086716264
"1","Shaba",1990,12,19.696727243981
"1","Shaba",1991,1,14.5114145793723
"1","Shaba",1991,2,11.8267005959094
"1","Shaba",1991,3,14.250283725759
"1","Shaba",1991,4,24.1876965789356
"1","Shaba",1991,5,66.4018456331176
"1","Shaba",1991,6,85.1984536213253
"1","Shaba",1991,7,64.1635811735743
"1","Shaba",1991,8,65.6557574799365
"1","Shaba",1991,9,61.3717674390902
"1","Shaba",1991,10,69.386198245842
"1","Shaba",1991,11,31.8050159493168
"1","Shaba",1991,12,20.3682065818439
"1","Shaba",1992,1,14.6233278023495
"1","Shaba",1992,2,11.7256176848332
"1","Shaba",1992,3,14.9217630636219
"1","Shaba",1992,4,31.6606117906365
"1","Shaba",1992,5,67.5209778628893
"1","Shaba",1992,6,148.736283440619
"1","Shaba",1992,7,145.114145793723
"1","Shaba",1992,8,68.6401100926609
"1","Shaba",1992,9,74.3681417203093
"1","Shaba",1992,10,55.9566114885823
"1","Shaba",1992,11,29.0974379740628
"1","Shaba",1992,12,18.5402906065503
"1","Shaba",1993,1,14.250283725759
"1","Shaba",1993,2,11.3886746479127
"1","Shaba",1993,3,12.6834986040786
"1","Shaba",1993,4,26.7508703955093
"1","Shaba",1993,5,86.1731816924167
"1","Shaba",1993,6,100.721900679448
"1","Shaba",1993,7,110.421046670802
"1","Shaba",1993,8,121.985413045109
"1","Shaba",1993,9,88.0865367949295
"1","Shaba",1993,10,64.1635811735743
"1","Shaba",1993,11,36.4620500667536
"1","Shaba",1993,12,22.6064710413872
"1","Shaba",1994,1,16.302026147007
"1","Shaba",1994,2,11.9614778106776
"1","Shaba",1994,3,12.907325050033
"1","Shaba",1994,4,32.4187336237077
"1","Shaba",1994,5,68.6401100926609
"1","Shaba",1994,6,124.548586861683
"1","Shaba",1994,7,77.9662120074246
"1","Shaba",1994,8,47.0035536504091
"1","Shaba",1994,9,81.2273392576194
"1","Shaba",1994,10,64.5366252501649
"1","Shaba",1994,11,33.0685523377686
"1","Shaba",1994,12,21.4873388116156
"1","Shaba",1995,1,15.8170688474393
"1","Shaba",1995,2,11.7930062922173
"1","Shaba",1995,3,15.4067203631897
"1","Shaba",1995,4,33.357360655129
"1","Shaba",1995,5,132.430647189645
"1","Shaba",1995,6,109.386150200261
"1","Shaba",1995,7,77.5931679308341
"1","Shaba",1995,8,52.2261707226768
"1","Shaba",1995,9,48.3753931578711
"1","Shaba",1995,10,54.0913911056295
"1","Shaba",1995,11,32.7075419410681
"1","Shaba",1995,12,21.5246432192746
"1","Shaba",1996,1,15.1082851019172
"1","Shaba",1996,2,12.5631618051785
"1","Shaba",1996,3,14.2129793180999
"1","Shaba",1996,4,21.8411290003821
"1","Shaba",1996,5,63.7905370969838
"1","Shaba",1996,6,109.02513980356
"1","Shaba",1996,7,86.5462257690073
"1","Shaba",1996,8,61.1792285608499
"1","Shaba",1996,9,46.931351571069
"1","Shaba",1996,10,54.8374792588106
"1","Shaba",1996,11,31.1551972352558
"1","Shaba",1996,12,18.6895082371865
"1","Shaba",1997,1,13.9145440568275
"1","Shaba",1997,2,10.84956578884
"1","Shaba",1997,3,15.0709806942582
"1","Shaba",1997,4,25.5234350467275
"1","Shaba",1997,5,93.6340632242277
"1","Shaba",1997,6,115.88433734087
"1","Shaba",1997,7,77.9662120074246
"1","Shaba",1997,8,45.5113773440469
"1","Shaba",1997,9,29.927761886474
"1","Shaba",1997,10,33.7231845237856
"1","Shaba",1997,11,21.6245227623618
"1","Shaba",1997,12,14.8098498406448
"1","Shaba",1998,1,12.0120192662157
"1","Shaba",1998,2,9.67026515961822
"1","Shaba",1998,3,13.6534132032141
"1","Shaba",1998,4,26.9674766335296
"1","Shaba",1998,5,66.0288015565271
"1","Shaba",1998,6,67.5089441829993
"1","Shaba",1998,7,96.9914599135426
"1","Shaba",1998,8,85.8001376158261
"1","Shaba",1998,9,58.8446946621865
"1","Shaba",1998,10,62.2983607906216
"1","Shaba",1998,11,35.2707157576419
"1","Shaba",1998,12,20.7039462507754
"1","Shaba",1999,1,14.7725454329857
"1","Shaba",1999,2,11.590840470065
"1","Shaba",1999,3,13.1684559036464
"1","Shaba",1999,4,29.6750546087836
"1","Shaba",1999,5,67.1479337862987
"1","Shaba",1999,6,127.436670035287
"1","Shaba",1999,7,160.408952933936
"1","Shaba",1999,8,70.5053304756137
"1","Shaba",1999,9,45.4873099842669
"1","Shaba",1999,10,86.9192698455978
"1","Shaba",1999,11,33.357360655129
"1","Shaba",1999,12,19.0998567214361
"1","Shaba",2000,1,11.7508884126023
"1","Shaba",2000,2,8.72441792026283
"1","Shaba",2000,3,9.81105921433142
"1","Shaba",2000,4,29.4584483707633
"1","Shaba",2000,5,64.1635811735743
"1","Shaba",2000,6,108.66412940686
"1","Shaba",2000,7,87.2923139221883
"1","Shaba",2000,8,60.8061844842594
"1","Shaba",2000,9,57.7616634720849
"1","Shaba",2000,10,48.1226858801808
"1","Shaba",2000,11,27.4006891095703
"1","Shaba",2000,12,16.4885481853022
"1","Shaba",2001,1,11.4524531513298
"1","Shaba",2001,2,8.32249301193623
"1","Shaba",2001,3,10.2960165138991
"1","Shaba",2001,4,28.2310130219815
"1","Shaba",2001,5,69.0131541692515
"1","Shaba",2001,6,96.7507863157422
"1","Shaba",2001,7,57.0757437183539
"1","Shaba",2001,8,63.7905370969838
"1","Shaba",2001,9,99.6388694893465
"1","Shaba",2001,10,69.7592423224326
"1","Shaba",2001,11,35.6678271940124
"1","Shaba",2001,12,20.9277726967298
"1","Shaba",2002,1,14.0637616874637
"1","Shaba",2002,2,11.4897575589889
"1","Shaba",2002,3,12.6834986040786
"1","Shaba",2002,4,30.8663889178954
"1","Shaba",2002,5,55.5835674119917
"1","Shaba",2002,6,81.5883496543199
"1","Shaba",2002,7,52.2261707226768
"1","Shaba",2002,8,47.7496418035902
"1","Shaba",2002,9,26.1371527211184
"1","Shaba",2002,10,24.8447355009305
"1","Shaba",2002,11,16.7508824069046
"1","Shaba",2002,12,11.6762795972842
