"BasinID","Area_m2","Latitude","Longitude","Elev_m","Flwlen_m","Lc_1","Lc_2","Lc_3","Lc_4","Lc_5","Lc_6","Lc_7","Lc_8","Lc_9"
1,63089623.3,33.079,103.489,3868.6,17114.5569334,0.019,0,0.548,0.001,0.008,0.404,0.018,0,0.003
2,42977618.9,33.106,103.553,3888.9,13165.568504,0.005,0,0.657,0.002,0.005,0.326,0.001,0,0.005
3,23093814.3,33.05,103.551,3748.3,9035.94949711,0.047,0,0.4,0.005,0.011,0.534,0.002,0,0.001
4,88442615.1,33.078,103.619,3882.6,20679.6180688,0.034,0,0.564,0.004,0.013,0.252,0.085,0,0.048
5,32358723.9,33.011,103.454,3830,10789.5700494,0.046,0,0.338,0,0.003,0.611,0.003,0,0
6,28471721.7,33.008,103.506,3835.9,8687.0848651,0.029,0,0.378,0.001,0.016,0.572,0.005,0,0
7,95288607.4,33.02,103.719,3865.4,18789.7269932,0.047,0,0.49,0.001,0.01,0.245,0.096,0,0.111
8,34382095.1,32.97,103.678,3635.4,10530.4889794,0.058,0,0.427,0.005,0.013,0.425,0.054,0,0.017
9,31050378.9,32.955,103.755,3752.9,10714.2186877,0.089,0,0.303,0.004,0.016,0.451,0.066,0,0.071
10,63074410,32.961,103.806,4038.4,23972.6698844,0.095,0,0.313,0.002,0.007,0.263,0.09,0,0.23
11,8800903.6,32.941,103.705,3421.9,5976.65397874,0.074,0,0.313,0.001,0.025,0.432,0.063,0,0.092
12,105983568.8,33.001,103.397,3831.2,26207.2630077,0.037,0,0.427,0.001,0.004,0.499,0.03,0,0.002
13,27604562.7,32.948,103.425,3732.1,12996.8027227,0.028,0,0.293,0.001,0.001,0.644,0.031,0,0.001
14,36785799.2,32.909,103.758,3809.9,12524.5958172,0.194,0,0.277,0,0.003,0.353,0.085,0,0.088
15,34610294.8,32.9,103.843,4116.3,12222.438395,0.03,0,0.24,0,0,0.138,0.169,0,0.422
16,110441070.8,32.974,103.564,3682.2,22745.4454109,0.098,0,0.291,0.016,0.016,0.526,0.037,0,0.017
17,27163376.6,32.875,103.806,4065.5,10747.2456724,0.032,0,0.22,0,0,0.164,0.2,0,0.384
18,34686361.5,32.932,103.643,3618.4,11489.8667174,0.14,0,0.331,0.004,0.011,0.499,0.009,0,0.006
19,29962626.7,32.896,103.714,3654.2,10344.1918671,0.273,0,0.194,0.005,0.009,0.446,0.03,0,0.044
20,8663983.7,32.9,103.504,3436.1,4650.34855094,0.08,0,0.385,0.044,0.022,0.46,0.001,0,0.008
21,32206591,32.941,103.482,3628.1,13411.7213242,0.031,0,0.434,0.014,0.008,0.506,0.002,0,0.005
22,1635431.5,32.882,103.482,3414.9,2490.57506259,0.128,0,0.321,0.012,0.003,0.536,0,0,0
23,4685701.5,32.896,103.672,3337,3215.66477664,0.294,0,0.19,0.002,0.035,0.325,0.033,0,0.121
24,26668943.7,32.891,103.545,3536.1,12206.190766,0.195,0,0.271,0.037,0.05,0.424,0.002,0,0.022
25,1871238,32.859,103.557,3239.9,2294.98055809,0.199,0,0.126,0.032,0.094,0.4,0,0,0.149
26,35332927.5,32.898,103.587,3588.3,13944.3156645,0.152,0,0.241,0.003,0.019,0.578,0.002,0,0.005
27,37173738.6,32.864,103.064,3657.1,11051.2185234,0.044,0,0.772,0,0.007,0.059,0.118,0,0
28,42384299.6,32.834,103.486,3711.3,14588.387482,0.063,0,0.419,0.015,0.02,0.448,0.027,0,0.008
29,37637744.7,32.816,103.525,3645.6,12437.3796592,0.121,0,0.347,0.037,0.051,0.414,0.023,0,0.007
30,68254544.2,32.838,103.756,3908.6,19533.4114917,0.156,0,0.196,0.002,0.006,0.316,0.111,0,0.213
31,89081574.5,32.858,103.443,3723.3,19701.6455462,0.041,0,0.405,0.004,0.006,0.522,0.021,0,0.002
32,97532571.7,32.807,103.007,3866.7,23169.6614046,0.04,0,0.86,0,0.004,0.058,0.03,0,0.007
33,72286073,32.863,103.644,3413,15418.7564118,0.225,0,0.193,0.004,0.017,0.422,0.027,0,0.112
34,27330722.9,32.811,103.717,3655.6,13688.865452,0.208,0,0.175,0.006,0.008,0.423,0.049,0,0.13
35,67379778.5,32.871,103.382,3582.1,16170.6748491,0.048,0,0.321,0.003,0.003,0.596,0.029,0,0.001
36,34123468.7,32.806,103.093,3765.2,12615.4428327,0.037,0,0.822,0.001,0.013,0.11,0.017,0,0
37,36314186.4,32.848,103.128,3750.9,12389.3887475,0.034,0,0.86,0.001,0.007,0.077,0.022,0,0
38,10413515,32.809,103.653,3178.1,7294.19374104,0.125,0,0.247,0.007,0.005,0.24,0.045,0,0.331
39,44050157.8,32.816,103.572,3469.4,11733.4521337,0.343,0,0.185,0.02,0.032,0.387,0.009,0,0.023
40,39524196,32.777,103.713,3776.7,16777.5570976,0.158,0,0.232,0.008,0.008,0.384,0.092,0,0.119
41,29148714.3,32.757,103.558,3597,10861.8222804,0.259,0,0.314,0.008,0.029,0.376,0.006,0,0.008
42,6077720.1,32.787,103.607,3264.8,5976.65397873,0.221,0,0.227,0.01,0.024,0.417,0.002,0,0.099
43,29947413.3,32.779,103.643,3335.3,9059.67908957,0.173,0,0.214,0.017,0.013,0.376,0.038,0,0.168
44,72050266.6,32.822,103.308,3645.8,19620.095923,0.116,0,0.359,0.009,0.005,0.502,0.008,0,0
45,30883032.5,32.804,103.342,3532.4,12728.9559872,0.086,0,0.283,0.016,0.004,0.601,0.01,0,0
46,28243522,32.792,103.152,3675,14714.8288863,0.014,0,0.663,0.002,0.01,0.295,0.016,0,0.001
47,41821406.9,32.784,103.19,3789.1,12398.154413,0.019,0,0.607,0.001,0.003,0.348,0.021,0,0.001
48,51588356,32.749,103.103,3783.5,12663.4337445,0.053,0,0.655,0.001,0.011,0.258,0.018,0,0.004
49,1787564.7,32.747,103.152,3520.3,2731.0613481,0.046,0,0.448,0.006,0.015,0.484,0,0,0
50,10443941.7,32.722,103.155,3587.3,5185.5102952,0.113,0,0.473,0.003,0.041,0.355,0.001,0,0.014
51,38101751,32.737,103.205,3644.7,16308.9810496,0.058,0,0.49,0.002,0.015,0.422,0.013,0,0
52,100567628,32.771,103.249,3670.6,29059.0992253,0.16,0,0.437,0.004,0.015,0.369,0.014,0,0.001
53,110015097.5,32.731,103.412,3754.6,25669.0021327,0.069,0,0.466,0.005,0.012,0.428,0.019,0,0.002
54,80820743.4,32.733,103.494,3774.8,16588.6925814,0.147,0,0.43,0.007,0.016,0.339,0.052,0,0.01
55,31628485,32.65,103.256,3749.2,12789.343422,0.288,0,0.374,0.003,0.004,0.283,0.042,0,0.006
56,63256969.8,32.726,103.617,3297.8,14278.2163695,0.244,0,0.245,0.026,0.03,0.374,0.008,0,0.072
57,26478777.3,32.695,103.57,3439.8,9065.8773511,0.189,0,0.35,0.055,0.043,0.329,0.011,0,0.023
58,55817657.8,32.725,103.024,3942.5,17243.5657416,0.028,0,0.759,0.002,0.007,0.183,0.019,0,0.002
59,36002313.3,32.662,102.872,4060.4,13863.8294948,0.025,0,0.864,0,0,0.09,0.02,0,0.001
60,29567080.6,32.691,102.951,3990.2,9546.84992208,0.014,0,0.763,0.001,0.001,0.203,0.017,0,0
61,51055890,32.693,103.089,3723.1,14296.2794273,0.109,0,0.541,0,0.034,0.297,0.011,0,0.007
62,23398080.7,32.681,103.162,3577.1,10133.6334356,0.304,0,0.378,0.007,0.037,0.259,0.006,0,0.009
63,56426190.7,32.687,103.296,3544.8,14215.2615308,0.387,0,0.372,0.015,0.027,0.197,0,0,0.002
64,55741591.6,32.72,103.348,3539.6,14263.2524425,0.175,0,0.434,0.026,0.027,0.337,0,0,0.001
65,4396648.4,32.667,103.042,3671.2,4054.79937191,0.128,0,0.464,0.013,0.011,0.385,0,0,0
66,32130524.4,32.668,103.488,3688.6,10184.7234781,0.309,0,0.267,0.004,0.032,0.363,0.024,0,0.001
67,47792633.7,32.665,102.994,3872.4,11354.1279209,0.031,0,0.698,0.002,0.004,0.258,0.006,0,0.001
68,39934955.7,32.615,102.932,4076.1,13914.3878105,0.034,0,0.764,0,0.001,0.096,0.051,0,0.055
69,79436331.7,32.698,103.678,3586.7,23063.0984869,0.165,0,0.313,0.025,0.015,0.398,0.023,0,0.061
70,25953917.8,32.633,103.666,3596.3,9119.53479758,0.244,0,0.265,0.059,0.02,0.368,0.013,0,0.032
71,49382425.1,32.666,103.726,3910.8,14199.765877,0.161,0,0.333,0.003,0.006,0.344,0.047,0,0.105
72,91584164.9,32.64,103.801,4207.9,17598.6286352,0.097,0,0.247,0,0,0.16,0.091,0,0.403
73,52668501.5,32.609,102.997,3954.4,19398.204422,0.113,0,0.647,0.002,0.027,0.174,0.014,0,0.022
74,41790980.1,32.635,103.588,3150.8,12551.4245404,0.202,0,0.319,0.024,0.022,0.34,0.006,0,0.087
75,10443941.7,32.609,103.629,3365.6,6818.88770476,0.244,0,0.218,0.061,0.02,0.421,0.005,0,0.031
76,28448901.9,32.603,103.714,3786.4,8437.30118733,0.277,0,0.306,0.01,0.015,0.293,0.022,0,0.078
77,41433467.3,32.63,103.541,3341.6,15126.1166303,0.543,0,0.131,0.019,0.027,0.269,0.001,0,0.009
78,76355635.1,32.6,103.484,3587.9,18450.1597535,0.417,0,0.275,0.003,0.018,0.282,0.002,0,0.003
79,32488037.2,32.563,103.751,4007.4,11848.0287417,0.252,0,0.257,0.01,0.001,0.211,0.049,0,0.219
80,52851061.2,32.622,103.211,3875.7,17592.4303737,0.071,0,0.651,0,0.007,0.232,0.035,0,0.004
81,127228965.3,32.608,103.084,3575.3,24196.1565657,0.168,0,0.516,0.003,0.045,0.238,0.011,0,0.019
82,116739383.7,32.575,102.851,4162,27967.6135483,0.029,0,0.665,0,0.002,0.089,0.083,0.001,0.13
83,28030535.7,32.558,103.231,3972.6,9387.3815331,0.016,0,0.6,0.001,0.009,0.303,0.061,0,0.01
84,7804431.3,32.543,103.05,3769.5,4406.76313468,0.265,0,0.439,0,0.02,0.25,0,0,0.026
85,35165580.9,32.549,102.904,4126.8,15099.8196338,0.042,0,0.561,0,0.014,0.134,0.104,0,0.145
86,21496416.1,32.546,102.984,3581.6,9303.26450585,0.32,0.001,0.324,0,0.047,0.285,0.009,0,0.014
87,39242749.8,32.546,103.533,3415,12152.0015927,0.54,0,0.147,0.02,0.038,0.229,0.023,0,0.002
88,159709395.9,32.61,103.372,3515.1,25086.3812035,0.292,0,0.317,0.011,0.032,0.34,0.003,0,0.006
89,32016424.5,32.543,103.45,3545.8,10744.1465417,0.351,0,0.266,0.009,0.017,0.341,0.011,0,0.004
90,11136147.6,32.523,102.956,3839.2,5790.35686648,0.215,0.001,0.429,0.002,0.036,0.292,0.02,0,0.005
91,11737073.7,32.537,103.589,3230.6,6376.60865325,0.381,0,0.238,0.044,0.078,0.25,0.001,0,0.009
92,13562671.6,32.521,103.043,3560.2,5170.5463682,0.301,0.002,0.362,0,0.023,0.301,0.001,0,0.009
93,8625950.4,32.516,103.617,3114.6,6217.14026422,0.405,0,0.201,0.023,0.058,0.283,0,0,0.03
94,62366990.8,32.564,103.626,3361.2,16404.9628731,0.314,0,0.262,0.04,0.041,0.318,0.005,0,0.021
95,28182668.6,32.47,103.019,3908.1,11309.7678667,0.307,0,0.456,0.002,0.012,0.126,0.092,0,0.006
96,40954247.8,32.476,102.987,4043.9,20300.293856,0.228,0,0.465,0.002,0.015,0.17,0.084,0.001,0.034
97,36808619.2,32.538,103.097,3936.1,12918.3522302,0.18,0,0.544,0.002,0.024,0.21,0.021,0,0.02
98,45023810,32.495,103.535,3577.2,13120.676723,0.413,0,0.154,0.011,0.032,0.325,0.06,0,0.005
99,39706756,32.504,102.911,3927,12031.75845,0.189,0,0.532,0.002,0.018,0.188,0.037,0,0.034
100,32571710.4,32.474,103.061,3780.3,11496.0649789,0.374,0.005,0.322,0.004,0.038,0.201,0.055,0,0.002
101,36382646.2,32.477,103.583,3563.6,11489.8667174,0.485,0,0.156,0.024,0.053,0.269,0.005,0,0.008
102,24888985.7,32.505,103.42,3358.1,9956.10198885,0.567,0.003,0.115,0.014,0.025,0.272,0,0,0.004
103,93927015.7,32.505,103.358,3612.7,20571.2397223,0.422,0.003,0.231,0.013,0.035,0.29,0.001,0,0.003
104,63606875.9,32.537,103.695,3603.4,17165.6469759,0.346,0,0.241,0.021,0.026,0.297,0.013,0,0.057
105,70597394.8,32.495,103.762,3987.6,16221.2331649,0.236,0,0.241,0.005,0.012,0.184,0.059,0,0.263
106,35644800.4,32.435,102.876,4206.7,12218.0555622,0.165,0,0.488,0.001,0.004,0.153,0.084,0,0.106
107,84357839.6,32.554,103.16,3849.7,25494.0380899,0.235,0.001,0.504,0.004,0.024,0.216,0.012,0,0.005
108,40444601.7,32.502,103.196,3725.8,15565.8282779,0.243,0.002,0.445,0.003,0.011,0.289,0.004,0,0.003
109,58350675.2,32.447,102.935,4142.6,18137.421237,0.156,0,0.51,0.002,0.008,0.17,0.059,0.004,0.092
110,30928672.2,32.456,103.415,3460.6,10497.4619946,0.532,0.013,0.169,0.011,0.03,0.238,0.002,0,0.005
111,40079482.2,32.47,103.482,3497,12004.3979999,0.426,0.003,0.172,0.002,0.008,0.313,0.067,0,0.01
112,6845992.4,32.447,103.166,3365.1,4902.69963268,0.283,0.018,0.197,0.022,0.169,0.303,0.005,0,0.003
113,27612169.3,32.442,103.216,3587,8184.41837882,0.447,0.016,0.174,0.048,0.023,0.288,0.002,0,0.001
114,80120931,32.454,103.112,3548.5,20270.366002,0.369,0.005,0.324,0.015,0.068,0.205,0.011,0,0.002
115,1513725,32.426,103.174,3012,2162.87261908,0.307,0.056,0.006,0.409,0.12,0.096,0,0,0.006
116,91721084.8,32.45,103.655,3349.5,19064.303717,0.447,0.002,0.169,0.022,0.028,0.298,0.004,0,0.031
117,51443829.7,32.44,103.742,3580.6,13306.4421085,0.327,0.002,0.237,0.018,0.024,0.262,0.015,0,0.115
118,175439965.2,32.422,102.767,4213.8,34278.6999589,0.063,0,0.528,0.001,0.006,0.169,0.079,0.004,0.151
119,89568400.7,32.405,103.429,3417.1,16621.7195661,0.477,0.013,0.196,0.009,0.03,0.255,0.002,0,0.018
120,38177817.6,32.41,103.023,4034.5,11935.2448997,0.167,0,0.597,0,0.006,0.092,0.098,0,0.041
121,44164257.6,32.379,102.98,4118.6,12708.3255255,0.128,0,0.491,0,0.003,0.103,0.083,0.015,0.176
122,1042112.2,32.371,103.041,3442.1,1786.64753706,0.556,0,0.235,0,0.005,0.204,0,0,0
123,15312202.9,32.374,103.494,3228.5,8644.76048808,0.586,0.013,0.087,0.004,0.042,0.242,0.002,0,0.024
124,45229189.7,32.418,103.539,3532,11036.2545964,0.497,0.015,0.127,0.002,0.02,0.32,0.017,0,0.002
125,42528826.2,32.399,103.167,3374.2,15460.5490621,0.409,0.026,0.136,0.067,0.14,0.209,0.003,0,0.01
126,37439971.7,32.37,103.21,3618.7,9829.66058462,0.477,0.015,0.196,0.013,0.067,0.231,0.001,0,0
127,29118287.7,32.388,102.805,4320.5,9853.92190388,0.032,0,0.609,0,0.004,0.079,0.109,0.001,0.167
128,37531251.6,32.409,103.79,3900.6,14955.3151718,0.209,0.001,0.363,0.002,0.002,0.249,0.016,0,0.156
129,26387497.4,32.363,103.794,3538.6,9152.56178232,0.491,0.007,0.166,0.005,0.004,0.279,0,0,0.048
130,18088633.3,32.385,103.724,3136.4,8193.18404428,0.348,0.008,0.115,0.04,0.028,0.324,0.001,0,0.137
131,2898136.8,32.367,103.74,2831.7,3428.79061212,0.179,0.019,0.026,0.077,0.016,0.356,0,0,0.327
132,54760332.4,32.328,103.004,4003.4,13496.901805,0.228,0.001,0.578,0.005,0.016,0.058,0.078,0,0.037
133,52949947.8,32.369,103.091,3458.1,15078.6574453,0.369,0.021,0.284,0.032,0.106,0.172,0.012,0,0.004
134,24158746.6,32.344,103.164,3320.9,6972.68955903,0.429,0.036,0.122,0.048,0.145,0.217,0.001,0,0.004
135,23131847.6,32.359,103.532,3257.7,7258.06762552,0.649,0.044,0.045,0.003,0.052,0.198,0.001,0,0.008
136,29673573.7,32.39,103.632,3369.9,10364.8223289,0.489,0.017,0.12,0.001,0.022,0.309,0.001,0,0.041
137,31811044.6,32.342,103.647,3155.2,10906.7140614,0.649,0.023,0.053,0.001,0.027,0.213,0,0,0.034
138,5461580.6,32.343,103.561,2969.8,4009.37586415,0.573,0.073,0.022,0.001,0.1,0.197,0,0,0.034
139,31590451.7,32.391,103.584,3444.7,12807.4064797,0.527,0.013,0.132,0.004,0.022,0.281,0.007,0,0.015
140,433579.5,32.336,103.57,2825.5,1230.32360431,0.333,0.167,0,0,0.167,0.267,0,0,0.067
141,21869142.4,32.346,103.607,3057.2,8620.49916882,0.672,0.023,0.047,0.001,0.021,0.2,0.005,0,0.031
142,86419243.9,32.323,102.729,4294.5,16621.7195661,0.038,0,0.411,0,0.001,0.148,0.107,0.036,0.259
143,27711055.9,32.351,103.349,3621.9,9523.12032963,0.469,0.002,0.29,0.005,0.019,0.215,0,0,0.001
144,260368304.2,32.453,103.285,3613.7,41071.7311641,0.353,0.006,0.329,0.005,0.029,0.26,0.015,0,0.003
145,25216072,32.348,103.693,3021.5,11137.9029547,0.522,0.01,0.083,0.008,0.03,0.282,0.003,0,0.062
146,38786350.3,32.332,103.755,3253.4,10408.4304079,0.509,0.012,0.075,0.005,0.011,0.277,0.005,0,0.107
147,26874323.5,32.304,103.359,3669.1,9778.57054212,0.55,0.003,0.244,0.007,0.02,0.174,0.002,0,0
148,42034393.2,32.348,102.857,4183.1,13881.3608258,0.093,0.001,0.477,0.002,0.013,0.2,0.103,0.001,0.111
149,50059417.8,32.362,102.902,4249.9,13526.2979322,0.074,0,0.484,0.002,0.01,0.162,0.071,0.014,0.181
150,14498290.5,32.314,103.311,3295.5,7685.38275006,0.804,0.007,0.068,0.019,0.032,0.069,0.001,0,0
151,25025905.5,32.313,103.087,3583,11084.2455082,0.377,0.02,0.33,0.036,0.099,0.123,0.007,0,0.008
152,9105169.8,32.328,103.13,2920.4,4728.26731667,0.334,0.066,0.084,0.056,0.25,0.21,0,0,0.001
153,35949066.7,32.293,103.656,3352.2,13628.4780173,0.688,0.016,0.077,0.001,0.025,0.174,0,0,0.019
154,18354866.3,32.314,103.255,3435.1,8768.10276158,0.493,0.01,0.193,0.014,0.093,0.19,0.006,0,0.002
155,3628376,32.3,102.903,3556.7,3456.15106214,0.604,0.004,0.166,0,0.066,0.16,0,0,0
156,44453310.7,32.304,102.938,4156.9,11712.821672,0.143,0,0.525,0.002,0.016,0.121,0.069,0.003,0.121
157,11546907.2,32.307,103.713,3010.9,6888.04080502,0.461,0.016,0.04,0.002,0.01,0.389,0.001,0,0.081
158,51550322.7,32.316,102.81,4096.3,12227.3529545,0.123,0.002,0.414,0,0.023,0.221,0.088,0.001,0.129
159,69578102.8,32.289,103.525,3460.4,15917.7920406,0.659,0.013,0.138,0.001,0.009,0.173,0.003,0,0.004
160,56114317.6,32.279,103.591,3459.4,14834.5403023,0.707,0.018,0.12,0.001,0.009,0.126,0.005,0,0.014
161,16019622.3,32.303,103.147,2957.4,8235.50842132,0.203,0.034,0.109,0.17,0.171,0.296,0.008,0,0.009
162,106493.2,32.277,103.152,2420.4,860.296783788,0.229,0,0,0.125,0.083,0.458,0,0,0.104
163,30966705.7,32.296,103.19,3470.2,11120.3716237,0.336,0.017,0.266,0.056,0.063,0.256,0.003,0,0.002
164,13205158.7,32.283,102.862,3655.4,7053.17572872,0.248,0.009,0.25,0.004,0.104,0.317,0.034,0,0.033
165,8915003.4,32.281,102.891,3530,5600.96062348,0.52,0.008,0.204,0.001,0.138,0.12,0.002,0,0.007
166,88564321.6,32.273,103.056,3561.6,18780.9613277,0.312,0.015,0.344,0.049,0.096,0.131,0.038,0,0.017
167,38253884.1,32.26,103.688,3440.5,12260.3799392,0.595,0.009,0.14,0.002,0.01,0.21,0.001,0,0.033
168,49435671.6,32.261,103.324,3648.1,13680.0997865,0.497,0.002,0.313,0.009,0.011,0.165,0.004,0,0
169,83376580.7,32.253,102.779,4229.7,16452.9537849,0.092,0.001,0.277,0,0.013,0.16,0.08,0.147,0.229
170,175599704.9,32.291,103.424,3542.2,28103.3523449,0.432,0.013,0.263,0.01,0.04,0.239,0.001,0,0.004
171,30898245.7,32.234,103.483,3625.6,8987.42685858,0.416,0.015,0.247,0.013,0.058,0.25,0,0,0.001
172,54303933,32.236,103.146,2872.6,11760.2808569,0.256,0.039,0.113,0.162,0.17,0.223,0.016,0,0.022
173,28570608.3,32.211,103.1,3247.4,12804.8390757,0.261,0.013,0.248,0.151,0.083,0.2,0.014,0,0.03
174,97532571.7,32.248,103.235,3164.9,20688.9154611,0.428,0.022,0.175,0.069,0.1,0.189,0.009,0,0.007
175,65721526.8,32.189,103.263,3421.6,15866.7019981,0.351,0.03,0.237,0.056,0.089,0.223,0.009,0,0.007
176,52052362.1,32.185,103.425,3782.9,12570.019325,0.255,0.007,0.458,0.011,0.03,0.233,0.001,0,0.007
177,118199862.1,32.247,103.766,3202.3,20712.1133268,0.503,0.01,0.14,0.015,0.021,0.265,0,0,0.046
178,20454303.9,32.2,103.509,3413.5,6950.99564375,0.478,0.048,0.164,0.017,0.102,0.183,0.001,0,0.007
179,57962735.5,32.161,103.805,3269.1,12870.8930453,0.634,0.02,0.059,0.044,0.035,0.196,0,0,0.012
180,35599160.4,32.153,103.46,3783.5,11481.1010519,0.355,0.009,0.444,0.006,0.019,0.163,0.001,0,0.003
181,94680074.9,32.214,102.877,3636.4,18432.0966957,0.272,0.042,0.264,0.008,0.086,0.221,0.031,0.007,0.069
182,79322231.8,32.218,102.958,3791.1,18037.8085559,0.238,0.033,0.347,0.008,0.072,0.197,0.045,0,0.058
183,97228305.3,32.194,102.649,4057.7,20857.1495156,0.114,0.005,0.329,0.008,0.062,0.193,0.088,0.041,0.16
184,62450664,32.226,102.704,4246.7,17652.8178084,0.111,0.004,0.24,0.003,0.046,0.167,0.071,0.146,0.212
185,39075403.1,32.211,103.559,3732.5,11251.9478359,0.345,0.025,0.345,0.002,0.029,0.239,0.004,0,0.011
186,15608862.7,32.168,103.522,3228.5,8000.68867054,0.602,0.073,0.097,0.01,0.098,0.106,0.001,0,0.013
187,228199.8,32.165,103.551,2869.9,1133.81005403,0.545,0.182,0.018,0,0.255,0,0,0,0
188,36344612.9,32.196,103.694,3564,13024.1631727,0.32,0.009,0.258,0.02,0.04,0.323,0.001,0,0.029
189,7325211.8,32.173,103.751,2779.5,5104.49239869,0.43,0.02,0.028,0.058,0.02,0.263,0.001,0,0.179
190,21473596.1,32.175,103.14,2667.8,8551.34606856,0.168,0.018,0.08,0.114,0.105,0.369,0.007,0,0.139
191,118671475,32.173,103.059,3497.7,22607.1392104,0.295,0.011,0.254,0.084,0.074,0.223,0.015,0,0.044
192,43570938.4,32.124,103.497,3702.5,14787.6128441,0.364,0.011,0.447,0.002,0.017,0.157,0,0,0.002
193,21564876.2,32.153,103.722,3085.9,10776.6417996,0.3,0.022,0.211,0.108,0.043,0.252,0.001,0,0.063
194,21192149.9,32.145,102.944,3109.9,8367.61636032,0.299,0.206,0.064,0.036,0.203,0.152,0.017,0,0.022
195,76431702,32.107,102.68,3792.7,15415.1255543,0.283,0.037,0.219,0.012,0.125,0.225,0.037,0,0.061
196,1217065.3,32.111,102.945,2636.4,2153.57522683,0.229,0.079,0,0.053,0.41,0.139,0,0,0.09
197,859552.4,32.102,102.759,2925.8,1365.53067405,0.304,0.078,0,0,0.196,0.299,0,0,0.123
198,59179801,32.153,102.754,3793.6,16251.6927456,0.22,0.027,0.242,0.007,0.123,0.177,0.031,0.07,0.105
199,49146618.6,32.166,102.811,3977.2,17394.800192,0.141,0.014,0.31,0.011,0.107,0.133,0.044,0.057,0.184
200,72407779.7,32.122,102.879,3319.1,16005.0081986,0.315,0.138,0.127,0.035,0.184,0.177,0.009,0,0.014
201,20857456.8,32.119,103.165,2596.9,9345.58888288,0.163,0.027,0.07,0.171,0.111,0.305,0.011,0,0.143
202,33811595.8,32.148,103.195,2716.7,12497.767094,0.246,0.04,0.077,0.107,0.105,0.299,0.027,0,0.1
203,3308896.4,32.105,102.96,2668.2,3504.14197388,0.095,0.163,0.019,0.139,0.207,0.295,0.012,0,0.07
204,34640721.5,32.136,102.994,3541.7,11375.8218362,0.368,0.074,0.213,0.02,0.062,0.25,0.003,0,0.01
205,59613380.5,32.146,103.589,3301,15225.7293113,0.516,0.042,0.152,0.01,0.071,0.2,0.002,0,0.008
206,67052692.3,32.181,103.636,3717,18293.7904952,0.385,0.019,0.241,0.006,0.043,0.28,0,0,0.027
207,50249584.1,32.089,102.803,3361.3,12771.2803642,0.345,0.059,0.157,0.027,0.204,0.201,0.001,0,0.007
208,2958990,32.1,103.21,2421.7,3230.62870363,0.19,0.054,0.01,0.042,0.147,0.306,0.005,0,0.245
209,35804540.3,32.123,103.251,3266.9,9884.38148466,0.464,0.017,0.226,0.013,0.056,0.189,0.01,0,0.025
210,73396645.1,32.085,103.774,3331.6,15469.3147276,0.658,0.012,0.056,0.068,0.023,0.175,0.002,0,0.008
211,6245066.5,32.084,103.196,2382.4,5985.41964422,0.168,0.022,0.018,0.029,0.066,0.351,0.01,0,0.335
212,4548781.6,32.087,103.223,2466.2,3702.83560915,0.254,0.046,0.026,0.033,0.072,0.382,0.014,0,0.172
213,41266120.9,32.094,103.128,2887.3,13358.0638778,0.218,0.023,0.097,0.099,0.115,0.292,0.023,0,0.132
214,23960973.4,32.085,102.98,2984.9,8244.80581359,0.248,0.056,0.094,0.115,0.164,0.246,0.015,0,0.063
215,108516586,32.074,103.544,3626.3,20847.3203965,0.365,0.02,0.354,0.013,0.044,0.18,0.004,0,0.02
216,23238340.8,32.1,103.649,3187.9,9577.30950287,0.534,0.05,0.073,0.033,0.082,0.213,0.003,0,0.013
217,5218167.6,32.061,103.003,2698.6,3269.32222312,0.193,0.01,0,0.158,0.116,0.382,0.003,0,0.137
218,79618891.5,32.072,103.058,3195.2,16302.2510614,0.333,0.041,0.114,0.044,0.162,0.256,0.01,0,0.041
219,116602463.9,32.142,103.335,3747.2,21199.2841593,0.322,0.004,0.386,0.028,0.036,0.198,0.006,0,0.02
220,59841580.3,32.091,103.391,3726.3,15080.4728741,0.283,0.004,0.461,0.035,0.021,0.178,0.005,0,0.013
221,29293240.6,32.06,103.219,2802.9,12533.3614827,0.361,0.025,0.036,0.031,0.065,0.33,0.016,0,0.136
222,28920514.6,32.08,103.283,3179.3,8918.27375833,0.523,0.022,0.124,0.024,0.051,0.225,0.008,0,0.023
223,11280674.1,32.065,103.662,2751.8,7766.40064655,0.404,0.025,0.034,0.04,0.108,0.311,0.002,0,0.077
224,87719982.5,32.084,103.71,3116.5,21437.2030408,0.405,0.022,0.104,0.088,0.041,0.271,0.003,0,0.066
225,115552745,32.041,102.858,3748.2,32761.4031077,0.27,0.052,0.227,0.035,0.146,0.192,0.03,0.007,0.042
226,258626.4,32.042,103.674,2247.4,962.476868772,0.241,0,0,0,0,0.352,0,0,0.407
227,46415828.4,32.019,103.163,3418,17171.8452374,0.444,0.028,0.116,0.038,0.066,0.221,0.018,0,0.07
228,61469405.1,32.025,103.595,3555.8,17987.2502402,0.407,0.024,0.266,0.01,0.058,0.201,0.011,0,0.023
229,25588798.2,32.034,103.249,2683.2,7061.94139423,0.3,0.029,0.063,0.06,0.077,0.342,0.019,0,0.109
230,33796382.3,31.995,102.864,3857.9,12374.4248205,0.195,0.032,0.235,0.015,0.136,0.148,0.07,0.028,0.142
231,59864400,32.023,102.953,3145.4,13617.1449478,0.349,0.064,0.093,0.07,0.231,0.173,0.01,0,0.011
232,3027450,32.006,103.272,2412.7,3434.98887363,0.386,0.042,0.051,0.081,0.056,0.372,0,0,0.011
233,4503141.7,31.987,102.926,3367.4,4948.12314046,0.45,0.042,0.04,0.034,0.298,0.135,0,0,0.001
234,21169329.8,32.032,103.333,2846.3,9002.39078555,0.286,0.023,0.051,0.134,0.062,0.33,0.005,0,0.11
235,26623303.7,32.03,103.381,3311.1,12070.9836962,0.37,0.015,0.181,0.103,0.05,0.226,0.003,0,0.053
236,65234700.8,32.008,103.108,3468.4,16679.0078702,0.355,0.026,0.144,0.048,0.133,0.239,0.019,0,0.035
237,107436440.6,32.032,102.726,3638.1,20618.6989073,0.293,0.044,0.24,0.037,0.144,0.207,0.016,0,0.018
238,96665412.7,31.985,103.013,3652.4,18540.4750422,0.316,0.026,0.194,0.041,0.16,0.183,0.031,0,0.049
239,46872227.9,31.996,103.3,2697.5,13381.7934703,0.351,0.033,0.045,0.091,0.061,0.337,0.004,0,0.078
240,6032079.9,31.992,103.354,2545.7,4310.24958442,0.283,0.017,0.084,0.033,0.036,0.459,0.007,0,0.081
241,62762537,31.979,103.207,3400,14019.6670263,0.417,0.023,0.14,0.019,0.064,0.272,0.015,0,0.05
242,32754270.3,31.954,103.254,3362,11306.1370092,0.51,0.031,0.095,0.041,0.056,0.253,0.004,0,0.011
243,5917980,31.966,102.727,3598.9,5092.09587568,0.253,0.033,0.248,0.088,0.201,0.177,0,0,0
244,37173738.8,31.97,103.62,3273.1,12274.8121395,0.403,0.067,0.141,0.038,0.047,0.27,0.005,0,0.029
245,49405245.1,32.009,103.67,2904.9,12087.9833004,0.513,0.046,0.044,0.041,0.06,0.251,0.006,0,0.039
246,41669273.7,31.948,102.863,4064.5,14398.991239,0.135,0.008,0.24,0.004,0.042,0.137,0.101,0.084,0.249
247,55148272.1,31.948,102.788,4049.8,15710.3327399,0.146,0.003,0.373,0.006,0.055,0.17,0.094,0.024,0.129
248,89621647.1,32.024,103.434,3510.6,21335.0229558,0.304,0.011,0.34,0.04,0.029,0.212,0.011,0,0.052
249,37660565,31.954,103.353,2706.2,13520.6313975,0.311,0.028,0.074,0.071,0.084,0.354,0.021,0,0.058
250,33073749.9,31.922,102.698,3998,12624.2084982,0.205,0.009,0.368,0.008,0.095,0.213,0.081,0,0.021
251,1916877.8,31.967,103.407,2364.7,3576.3942049,0.19,0,0.116,0,0,0.358,0.145,0,0.19
252,32221804.2,31.977,103.459,3250.9,13947.4147953,0.334,0.014,0.235,0.064,0.038,0.21,0.017,0,0.087
253,32891190.3,31.922,102.738,3978.7,9074.6430166,0.322,0.01,0.281,0.012,0.067,0.204,0.089,0,0.015
254,12581412.7,31.958,103.668,2476.3,6514.91485376,0.401,0.086,0.01,0.126,0.084,0.24,0.008,0,0.045
255,36953145.5,31.971,103.718,3437.5,13069.5866805,0.487,0.021,0.133,0.048,0.034,0.224,0.003,0,0.048
256,43434018.5,31.897,102.99,4172.1,13017.9649112,0.128,0,0.317,0.003,0.012,0.141,0.118,0.053,0.229
257,80630577.1,31.926,102.921,3992.6,19193.3125253,0.215,0.011,0.246,0.011,0.06,0.183,0.085,0.025,0.164
258,58883141.3,31.975,103.518,3581.6,18513.6463189,0.273,0.006,0.402,0.047,0.032,0.165,0.034,0,0.042
259,27345936.2,31.942,103.559,3361.4,10741.0474109,0.375,0.015,0.291,0.037,0.029,0.229,0.006,0,0.018
260,26836290.2,31.876,103.037,4257.7,9384.81412913,0.175,0,0.258,0.001,0.004,0.159,0.065,0.112,0.226
261,1483298.4,31.908,103.538,2507.7,4289.08739591,0.296,0.008,0.108,0.125,0.003,0.276,0.08,0,0.105
262,37820304.6,31.933,103.43,2547.5,10362.2549249,0.204,0.016,0.07,0.059,0.03,0.342,0.16,0,0.119
263,55870904.7,31.89,103.479,2662.4,14630.7118591,0.397,0.017,0.03,0.077,0.054,0.236,0.104,0,0.085
264,47731780.4,31.915,103.648,2898.9,12256.7490817,0.403,0.057,0.05,0.097,0.045,0.308,0.005,0,0.034
265,29764853.5,31.926,103.725,3162.5,10296.2009554,0.49,0.057,0.141,0.033,0.034,0.21,0.003,0,0.032
266,1688678.1,31.893,103.429,2104.8,2534.18314158,0.097,0,0.094,0,0,0.201,0.552,0,0.055
267,3027450,31.888,103.414,2211.1,3368.93490413,0.288,0.051,0.073,0.05,0.032,0.406,0.031,0,0.069
268,43593758.3,31.916,103.313,3150.7,12347.5960972,0.391,0.026,0.094,0.055,0.079,0.321,0.002,0,0.032
269,31438318.4,31.893,103.38,2683.3,10560.4168334,0.282,0.036,0.067,0.079,0.09,0.327,0.01,0,0.11
270,109916211.2,31.925,103.112,3714.5,19452.3935953,0.298,0.009,0.321,0.004,0.038,0.231,0.036,0.006,0.057
271,13372505.1,31.874,103.339,2625.7,5670.11372373,0.344,0.036,0.035,0.12,0.118,0.281,0.007,0,0.059
272,39813249.1,31.873,103.284,3058.7,11502.2632404,0.449,0.039,0.066,0.036,0.09,0.295,0.007,0,0.019
273,56388157.4,31.884,103.215,3261.1,12891.523507,0.39,0.013,0.172,0.026,0.087,0.293,0.01,0,0.009
274,4815014.7,31.839,103.259,2921.3,4857.27612492,0.549,0.021,0.022,0.05,0.071,0.249,0.02,0,0.019
275,55437325,31.834,103.444,3106.5,13992.3065762,0.573,0.029,0.027,0.045,0.071,0.197,0.005,0,0.053
276,2289604.1,31.844,103.24,2669.3,3892.23185216,0.244,0.027,0.006,0.168,0.159,0.352,0.006,0,0.037
277,94505121.7,31.849,103.106,3823.7,17034.0707637,0.284,0.014,0.221,0.001,0.031,0.181,0.045,0.061,0.161
278,40657588.2,31.879,103.712,2600,11595.1459332,0.407,0.041,0.042,0.052,0.034,0.307,0.027,0,0.091
279,32815123.5,31.869,102.834,4334.4,12717.6229178,0.01,0,0.546,0.001,0.004,0.088,0.114,0.059,0.179
280,41357400.8,31.851,102.879,4280.2,11649.3351064,0.036,0,0.54,0,0.005,0.102,0.086,0.023,0.209
281,45738835.9,31.825,103.392,3356.7,16010.6747333,0.52,0.028,0.095,0.036,0.08,0.188,0.011,0,0.041
282,58472381.7,31.811,103.189,3854.8,14900.5942718,0.306,0.01,0.265,0.007,0.024,0.198,0.025,0.037,0.128
283,120466646.2,31.872,103.572,2716.7,21521.8517948,0.357,0.028,0.064,0.053,0.042,0.292,0.095,0,0.069
284,43182998.6,31.826,103.666,2578.9,11351.5605169,0.347,0.02,0.059,0.101,0.033,0.291,0.036,0,0.112
285,36656485.9,31.801,103.281,3545.1,11089.3803161,0.525,0.016,0.131,0.016,0.039,0.173,0.043,0,0.057
286,33613822.6,31.79,103.235,3780.8,12368.226559,0.43,0.01,0.226,0.007,0.025,0.144,0.035,0.001,0.123
287,61644358.2,31.804,103.334,3503.1,16001.3773411,0.522,0.035,0.153,0.021,0.046,0.167,0.022,0,0.034
288,38801563.6,31.831,103.729,2452.1,11093.5429005,0.402,0.029,0.021,0.046,0.03,0.291,0.022,0,0.159
289,76218715.5,31.79,103.598,2716.6,15962.6838216,0.492,0.036,0.02,0.065,0.059,0.218,0.019,0,0.091
290,53566087.3,31.83,102.933,4203.1,13556.2257863,0.094,0,0.387,0.002,0.011,0.12,0.102,0.047,0.237
291,30989525.6,31.753,102.911,4167.5,10585.2098794,0.074,0,0.298,0.006,0.023,0.089,0.11,0.077,0.321
292,73099985.3,31.842,103.788,2695.9,22989.0308271,0.528,0.092,0.031,0.028,0.07,0.178,0.003,0,0.072
293,26783043.5,31.777,103.758,2385.6,8289.69759457,0.45,0.045,0.007,0.069,0.076,0.214,0.002,0,0.136
294,36405466.2,31.771,103.428,3744.7,14257.5859078,0.366,0.032,0.284,0.012,0.035,0.212,0.012,0,0.047
295,59506887.3,31.782,103.512,3060.6,13138.208054,0.58,0.072,0.051,0.054,0.044,0.162,0.002,0,0.035
296,46058315.5,31.765,102.97,3914.3,12669.632006,0.302,0.007,0.305,0.003,0.021,0.175,0.069,0.007,0.112
297,60708739.1,31.818,103.007,4108.6,15568.3956818,0.232,0.007,0.294,0,0.011,0.154,0.04,0.07,0.192
298,33088963.1,31.744,103.553,3232.6,11183.3264624,0.578,0.049,0.053,0.091,0.052,0.129,0.001,0,0.046
299,189261263,31.826,102.726,4074,30536.1073766,0.156,0.01,0.356,0.008,0.048,0.165,0.091,0.033,0.132
300,26007164.4,31.771,102.771,4103.2,8903.84155811,0.185,0.007,0.287,0.009,0.053,0.157,0.058,0.057,0.188
301,24797705.8,31.751,103.788,2375.8,13286.3433735,0.434,0.04,0.006,0.098,0.064,0.281,0.002,0,0.075
302,147348576.5,31.85,103.844,2667.6,29841.4772434,0.478,0.079,0.028,0.047,0.074,0.22,0.003,0,0.071
303,29087860.9,31.733,103.473,3821,9369.85020212,0.331,0.015,0.343,0.021,0.035,0.149,0.045,0,0.06
304,15639289.4,31.751,103.026,3585.5,7535.21175331,0.569,0.038,0.153,0.001,0.04,0.166,0.016,0,0.017
305,1437658.4,31.737,103.041,3140.1,2042.09774958,0.32,0.256,0.044,0.088,0.18,0.112,0,0,0
306,24774885.9,31.728,103.064,3366.2,9979.83158137,0.49,0.055,0.171,0.048,0.032,0.193,0.007,0,0.005
307,33012896.7,31.774,103.078,3957,12941.3298475,0.28,0.031,0.289,0.02,0.022,0.11,0.036,0.05,0.162
308,44019731,31.774,103.125,4082.9,15192.7023266,0.268,0.021,0.304,0.002,0.019,0.129,0.034,0.052,0.172
309,33727922.5,31.738,103.17,4033.3,10082.5433931,0.2,0.011,0.352,0.002,0.007,0.131,0.065,0.046,0.187
310,29354094,31.675,103.033,4091.1,15027.5674028,0.244,0.012,0.236,0.021,0.026,0.121,0.145,0.062,0.134
311,16689008.1,31.713,103.011,3542.2,9706.8500379,0.452,0.025,0.219,0.012,0.046,0.193,0.036,0.001,0.017
312,152467857.5,31.731,103.668,3064.2,24150.2013312,0.606,0.032,0.026,0.07,0.065,0.171,0.001,0,0.028
313,32556497.1,31.709,102.953,4103.8,9949.90372737,0.121,0.008,0.212,0.001,0.022,0.147,0.105,0.189,0.195
314,36808619.1,31.725,102.732,3630.9,12702.127264,0.312,0.081,0.203,0.014,0.185,0.172,0.018,0,0.014
315,25824604.7,31.669,102.993,4127.2,8583.84132658,0.197,0.003,0.277,0,0.009,0.116,0.156,0.057,0.184
316,24394552.9,31.7,103.094,3273.3,9941.13806189,0.455,0.086,0.126,0.053,0.085,0.144,0.017,0,0.033
317,4906294.5,31.707,103.136,2969.2,5414.13178446,0.581,0.118,0.015,0.01,0.122,0.124,0.003,0,0.029
318,39942562.3,31.731,103.835,2309.8,15322.2428616,0.371,0.037,0.008,0.096,0.07,0.354,0.006,0,0.059
319,38527723.8,31.681,103.9,2658.3,14906.7925333,0.382,0.038,0.045,0.11,0.131,0.239,0.001,0,0.053
320,28707528,31.723,103.231,3935.2,10179.0569434,0.281,0.01,0.39,0,0.015,0.12,0.045,0.001,0.139
321,36846652.4,31.732,103.277,3915.4,11475.4345172,0.266,0.006,0.394,0,0.014,0.16,0.069,0,0.091
322,3042663.3,31.686,103.111,2858.9,3431.88974287,0.463,0.103,0.004,0.057,0.145,0.151,0,0,0.077
323,67402598.5,31.725,103.365,3754.2,11400.0831554,0.392,0.015,0.284,0.007,0.016,0.235,0.019,0,0.031
324,36702126,31.705,103.434,3821.7,9420.94024463,0.346,0.019,0.3,0.004,0.018,0.232,0.013,0.002,0.067
325,46043102.2,31.705,102.669,4101.2,12900.8208992,0.095,0.001,0.317,0.005,0.102,0.146,0.075,0.035,0.222
326,25550765,31.674,102.729,3565.1,8647.85961883,0.306,0.028,0.125,0.024,0.264,0.231,0.003,0,0.019
327,152232050.8,31.76,102.829,3993.4,31607.4943187,0.168,0.014,0.325,0.002,0.046,0.15,0.069,0.067,0.159
328,20020724.4,31.669,102.771,3369.1,10154.7956242,0.448,0.078,0.062,0.001,0.216,0.173,0.001,0,0.02
329,47952373.3,31.675,103.847,2228.4,15220.0627766,0.258,0.04,0.032,0.082,0.132,0.319,0.003,0,0.134
330,25216072,31.631,103.867,3110.2,12560.7219327,0.326,0.027,0.116,0.111,0.078,0.291,0.006,0,0.045
331,46195235.4,31.687,103.764,2668,12028.6593192,0.537,0.071,0.012,0.06,0.113,0.195,0,0,0.012
332,5164921,31.663,103.809,1851.3,3711.60127463,0.081,0.014,0.017,0.002,0.027,0.526,0.002,0,0.333
333,707419.2,31.648,103.806,1619.9,1335.60282006,0.004,0,0,0,0,0.596,0,0,0.4
334,38018077.7,31.665,102.83,3703.7,12666.5328752,0.361,0.013,0.184,0.001,0.101,0.163,0.04,0.046,0.092
335,52143642,31.664,103.151,2986.5,14459.3786738,0.494,0.124,0.057,0.025,0.102,0.16,0.003,0,0.035
336,26410317.2,31.626,102.865,3940.1,7932.06729707,0.332,0,0.232,0.017,0.113,0.157,0.054,0.006,0.089
337,456399.5,31.636,103.189,2090.2,893.323768532,0.139,0.069,0,0,0.083,0.431,0,0,0.278
338,28753168.1,31.683,103.201,3341.3,13445.2800357,0.449,0.101,0.23,0,0.032,0.141,0.018,0,0.028
339,32092491,31.651,103.089,3525.8,11319.065259,0.276,0.04,0.292,0.007,0.068,0.208,0.055,0.003,0.051
340,48218606.5,31.674,103.269,3283.3,16128.3504721,0.597,0.069,0.129,0,0.028,0.152,0.006,0,0.019
341,31255758.6,31.659,103.306,3332.3,10633.2007912,0.654,0.05,0.119,0,0.013,0.142,0.01,0,0.012
342,76743574.7,31.626,102.649,4131.1,16152.6117914,0.076,0.001,0.196,0.008,0.069,0.162,0.032,0.048,0.408
343,36998785.6,31.612,103.036,4268.5,9859.5884386,0.002,0,0.228,0.001,0.032,0.087,0.17,0.115,0.366
344,29004187.8,31.647,103.356,3149.1,9898.81368488,0.529,0.101,0.088,0.007,0.065,0.208,0,0,0.002
345,47343840.7,31.655,103.412,3132.2,10271.4079094,0.517,0.067,0.107,0.011,0.077,0.211,0.005,0,0.005
346,34914561.3,31.604,103.846,3051.2,12810.5056105,0.416,0.019,0.134,0.053,0.072,0.259,0.004,0.001,0.043
347,92367650.7,31.67,103.544,3496.2,17857.7097052,0.508,0.027,0.147,0.017,0.07,0.177,0.014,0.001,0.04
348,28852054.6,31.641,103.617,3368.5,9736.77789188,0.642,0.039,0.058,0.007,0.056,0.195,0.001,0,0.002
349,54516919.5,31.597,103.141,3624.9,14823.2072328,0.289,0.017,0.212,0.004,0.056,0.214,0.041,0.002,0.165
350,82494208.4,31.606,102.726,3842.5,19999.9518625,0.24,0,0.173,0.007,0.165,0.154,0.021,0.028,0.212
351,40345715,31.579,103.073,4276,12121.0102852,0.002,0,0.23,0,0.02,0.136,0.164,0.025,0.423
352,2776430.2,31.59,102.805,2921.3,3221.33131136,0.512,0,0.011,0,0.262,0.179,0,0,0.035
353,24508652.7,31.609,102.824,3332.1,8957.49900461,0.522,0,0.074,0.014,0.222,0.157,0.001,0,0.011
354,63994815.6,31.642,103.697,2958.9,16925.6924171,0.622,0.036,0.024,0.026,0.103,0.18,0,0,0.009
355,71776426.9,31.615,103.776,2459.9,15514.7382353,0.303,0.026,0.025,0.05,0.115,0.338,0.004,0,0.139
356,395546.2,31.582,103.747,1606.9,1928.05286833,0.013,0,0,0.104,0.026,0.494,0,0,0.364
357,30852605.7,31.612,103.522,3086.2,10747.2456724,0.512,0.037,0.062,0.049,0.078,0.216,0,0,0.045
358,38124570.9,31.585,103.579,2801.2,10873.6870767,0.516,0.02,0.019,0.048,0.058,0.3,0,0,0.038
359,30974312.2,31.603,103.277,2709.3,11276.2091552,0.555,0.057,0.018,0.007,0.115,0.22,0,0,0.028
360,5157314.2,31.558,103.395,2056.4,4180.7090494,0.249,0.006,0.011,0,0.15,0.549,0,0,0.035
361,23192701,31.601,103.403,2418.5,10397.8493136,0.288,0.035,0.026,0.023,0.09,0.504,0,0,0.035
362,7127438.7,31.547,103.411,2366.3,6364.21213024,0.413,0.01,0.031,0,0.038,0.468,0,0,0.04
363,47298200.8,31.562,102.836,3475.7,12173.1637812,0.495,0,0.082,0.009,0.211,0.155,0.005,0,0.044
364,77519453.9,31.591,103.219,2688.3,19328.519595,0.495,0.098,0.036,0.02,0.111,0.213,0.001,0,0.027
365,13091058.8,31.576,103.433,2259.5,8346.45417179,0.16,0.006,0.042,0.011,0.062,0.655,0,0,0.064
366,52683714.7,31.624,103.469,3301.6,16593.8273894,0.327,0.012,0.193,0.021,0.06,0.33,0.004,0,0.053
367,32990076.7,31.561,102.768,3514.2,10912.912323,0.331,0,0.149,0.006,0.222,0.18,0.021,0,0.091
368,12931318.9,31.577,103.3,2533.7,7465.52692629,0.477,0.009,0.027,0.005,0.053,0.37,0,0,0.06
369,54494099.6,31.586,103.345,2513.4,12560.7219328,0.378,0.057,0.038,0.03,0.131,0.322,0,0,0.045
370,37858337.9,31.547,102.705,4124.2,8533.28301083,0.114,0,0.213,0.012,0.134,0.093,0.026,0.088,0.32
371,13813691.3,31.565,103.764,2189.2,7203.87845228,0.236,0.02,0.005,0.085,0.261,0.308,0,0,0.084
372,28722741.4,31.544,103.817,3466.5,8626.69743032,0.497,0.011,0.126,0.022,0.062,0.225,0.002,0.005,0.051
373,44780396.9,31.546,103.477,2488.2,12015.7310694,0.39,0.006,0.044,0.031,0.06,0.438,0,0,0.031
374,15395876.4,31.563,103.529,2203.1,7198.21191753,0.177,0.002,0.033,0.023,0.03,0.6,0,0,0.135
375,33712709.3,31.515,103.784,3239.5,10389.0836481,0.576,0.008,0.083,0.043,0.123,0.158,0.001,0,0.008
376,30053906.6,31.511,103.434,3162.9,13038.595373,0.375,0.006,0.136,0.018,0.024,0.397,0.012,0,0.032
377,51504682.8,31.554,103.717,2238.9,18465.6554072,0.239,0.019,0.023,0.086,0.167,0.344,0.006,0,0.115
378,39311209.6,31.53,102.892,3325.5,10287.4352899,0.424,0.002,0.085,0.018,0.221,0.169,0.006,0.001,0.073
379,163292132,31.63,102.928,3996,29742.3962891,0.226,0.002,0.232,0.002,0.092,0.149,0.067,0.086,0.144
380,35576340.6,31.561,102.99,3964.1,13550.5592515,0.28,0.003,0.186,0.003,0.05,0.106,0.097,0.052,0.224
381,55193912,31.524,103.304,2641.7,10371.5523172,0.419,0.007,0.039,0.07,0.14,0.286,0,0,0.039
382,60221913.1,31.587,103.651,2827,15105.4861686,0.509,0.04,0.022,0.041,0.17,0.2,0,0,0.018
383,106493.2,31.532,103.68,1409.1,439.179920767,0,0,0.3,0,0,0.1,0,0,0.6
384,6465659.5,31.517,102.937,2898.3,3919.06057541,0.534,0.006,0.007,0.026,0.226,0.178,0,0,0.023
385,829125.8,31.521,102.954,2665.2,1876.96282582,0.421,0.008,0.024,0.004,0.254,0.258,0,0,0.032
386,10634108.1,31.497,102.952,3306.8,7188.91452528,0.44,0.027,0.087,0.003,0.165,0.225,0.008,0,0.044
387,37645351.5,31.525,103.02,3775.5,11357.7587784,0.303,0.008,0.197,0.002,0.079,0.131,0.098,0.019,0.164
388,52539188.3,31.507,103.385,3140.1,14428.3873663,0.455,0.015,0.118,0.006,0.06,0.279,0.025,0.014,0.027
389,38915663.6,31.474,102.906,4046.1,13003.0009842,0.218,0.002,0.145,0.024,0.12,0.136,0.028,0.056,0.271
390,62572370.6,31.49,102.719,4060.4,16182.5396453,0.114,0,0.157,0.009,0.113,0.132,0.044,0.047,0.384
391,47085214.4,31.511,103.65,2229.3,13352.397343,0.21,0.009,0.046,0.036,0.166,0.372,0,0,0.162
392,47062394.4,31.535,103.16,3392.1,17120.7551949,0.269,0.014,0.178,0.013,0.149,0.182,0.04,0.005,0.149
393,45518242.8,31.494,103.221,2622,13508.2348745,0.332,0.022,0.042,0.11,0.147,0.309,0,0,0.039
394,85468411.6,31.518,103.548,2408.9,18664.3490425,0.327,0.002,0.062,0.034,0.068,0.435,0,0,0.073
395,17525740.6,31.475,103.601,1935.7,6888.04080502,0.189,0.004,0.066,0.096,0.06,0.392,0,0,0.193
396,51481862.7,31.505,103.121,3637.2,17586.0118637,0.245,0.012,0.192,0.006,0.131,0.163,0.06,0.012,0.177
397,9226876.5,31.482,103.184,2427.2,4388.70007693,0.302,0.033,0.046,0.089,0.176,0.321,0,0,0.035
398,58662548.2,31.475,103.279,2928.3,13899.4238835,0.601,0.005,0.026,0.026,0.134,0.194,0,0,0.015
399,29103074.3,31.458,103.364,3897.3,10166.6604204,0.342,0,0.218,0.002,0.02,0.293,0.069,0.044,0.011
400,80881596.7,31.474,103.737,3201.9,19033.8441362,0.435,0.004,0.162,0.035,0.073,0.259,0.001,0,0.031
401,149972873.3,31.472,102.794,4016.5,26777.5786438,0.147,0,0.17,0.007,0.117,0.179,0.042,0.039,0.298
402,12725939.3,31.457,103.175,2558.6,6422.032161,0.337,0.043,0.039,0.1,0.184,0.239,0,0,0.059
403,34389701.8,31.468,103.543,2163.4,9246.50792862,0.245,0.022,0.059,0.053,0.152,0.35,0,0,0.12
404,34138682.2,31.43,103.326,3532.8,9847.72364237,0.488,0.006,0.18,0.002,0.032,0.26,0.031,0,0.001
405,67197218.7,31.472,103.088,3508,23261.2603954,0.28,0.016,0.175,0.018,0.165,0.179,0.054,0.005,0.109
406,1194245.3,31.442,103.18,2300.2,1558.0260478,0.319,0,0.01,0.086,0.195,0.224,0,0,0.167
407,5781060.3,31.431,103.155,2215.8,4418.62793092,0.255,0.083,0.026,0.013,0.192,0.35,0,0,0.08
408,570499.3,31.416,103.142,1995.5,2045.19688032,0.155,0,0.068,0,0,0.675,0,0,0.102
409,61469405,31.411,103.226,3234.3,14064.5588073,0.447,0.02,0.133,0.022,0.13,0.2,0.011,0,0.037
410,13813691.3,31.416,103.007,2869.6,7128.52709051,0.457,0.014,0.013,0.001,0.135,0.361,0,0,0.02
411,78432252.9,31.456,103.014,3114.7,24090.87735,0.4,0.011,0.133,0.006,0.146,0.203,0.027,0,0.075
412,13440965,31.431,103.542,1852.8,6641.356258,0.209,0.053,0.044,0.081,0.131,0.341,0,0,0.139
413,25847424.7,31.426,102.959,3349.6,7561.50874976,0.342,0,0.131,0.016,0.14,0.237,0.027,0,0.108
414,54052913.4,31.447,103.47,3071.4,17593.4938272,0.281,0.016,0.136,0.023,0.093,0.327,0.039,0.02,0.066
415,144526.5,31.41,103.532,1334.1,490.269963273,0,0,0,0,0,0.64,0,0,0.36
416,110570383.9,31.426,103.666,3052.2,20928.8700198,0.39,0.006,0.166,0.015,0.039,0.325,0.004,0,0.056
417,16323888.6,31.388,103.051,2905.1,8091.00395932,0.506,0.058,0.052,0.008,0.156,0.202,0.006,0,0.011
418,1703891.4,31.402,103.078,2334.4,3314.74573088,0.231,0.075,0.02,0,0.086,0.502,0,0,0.086
419,20309777.4,31.411,103.11,2607.8,8810.42713861,0.453,0.038,0.025,0.007,0.179,0.256,0,0,0.042
420,27209016.4,31.375,103.567,2906.1,11026.9572042,0.51,0.008,0.04,0.029,0.099,0.305,0,0,0.008
421,52181675.2,31.399,103.6,2916.3,16242.3953534,0.424,0.013,0.125,0.03,0.071,0.313,0,0,0.024
422,47640500.3,31.41,102.906,3648,14028.4326918,0.268,0,0.128,0.015,0.11,0.209,0.033,0.039,0.199
423,40558701.6,31.405,102.843,3723.4,12073.5511002,0.199,0,0.137,0.021,0.129,0.192,0.05,0.05,0.223
424,29719213.6,31.362,103.017,3838.6,12097.8124195,0.253,0.002,0.064,0.001,0.025,0.262,0.045,0.196,0.152
425,66413733,31.39,102.751,4027.1,15252.5580346,0.084,0,0.155,0.008,0.069,0.191,0.054,0.029,0.411
426,38002864.5,31.373,103.177,3396.3,15740.2605939,0.368,0.027,0.148,0.023,0.079,0.271,0.021,0.007,0.056
427,34488588.3,31.355,102.781,4093.4,12311.4699817,0.087,0,0.113,0.008,0.052,0.213,0.063,0.032,0.43
428,44072977.8,31.408,103.453,2952.7,15106.0178953,0.24,0.013,0.11,0.014,0.101,0.433,0.023,0.005,0.06
429,33263916.4,31.371,103.53,2342.4,8380.01288331,0.351,0.006,0.031,0.074,0.125,0.337,0.001,0,0.076
430,35690440.3,31.384,103.335,3238.3,11643.1368449,0.652,0.001,0.108,0.002,0.081,0.149,0.004,0,0.002
431,25946311.2,31.398,103.383,3671.1,9953.00285812,0.349,0,0.272,0,0.038,0.189,0.113,0.01,0.03
432,48294673,31.346,103.141,3792.2,18741.7360815,0.285,0.017,0.142,0.004,0.057,0.2,0.033,0.112,0.151
433,41258514.1,31.335,103.217,3646.3,11342.7948514,0.319,0,0.23,0.001,0.018,0.287,0.033,0.021,0.091
434,34420128.4,31.366,103.29,3327.4,11420.7136172,0.632,0,0.129,0.003,0.04,0.191,0.003,0,0.001
435,14619997.2,31.34,103.267,3170.8,9321.3275636,0.561,0,0.109,0.005,0.026,0.289,0.006,0,0.002
436,31331825.2,31.354,103.402,2768.7,11643.6685717,0.522,0.002,0.06,0,0.12,0.286,0,0,0.009
437,96612166.1,31.331,103.077,3895.9,19803.8256312,0.252,0.012,0.105,0.002,0.047,0.165,0.028,0.18,0.209
438,81003303.3,31.322,102.886,3998.2,24132.6700002,0.173,0,0.134,0.016,0.101,0.262,0.029,0.07,0.213
439,86122584.4,31.32,102.816,4017.4,20135.6906591,0.082,0,0.137,0.013,0.069,0.216,0.047,0.074,0.363
440,17556167.2,31.317,103.31,2786.2,9131.93132061,0.724,0.004,0.007,0.001,0.099,0.162,0,0,0.002
441,35530700.5,31.29,103.231,3781.4,10876.7862074,0.239,0,0.285,0.005,0.025,0.215,0.071,0.014,0.145
442,36184873.1,31.316,103.36,2553.6,10533.5881102,0.54,0.016,0.009,0.031,0.222,0.166,0,0,0.014
443,85308671.8,31.338,103.473,2144.7,17743.6648239,0.296,0.009,0.04,0.033,0.218,0.332,0.001,0,0.07
444,67585158.3,31.265,103.289,3438,15493.5760468,0.442,0.001,0.199,0.007,0.069,0.192,0.032,0.004,0.054
445,27863189,31.297,103.422,2164.9,13491.9872455,0.341,0.011,0.02,0.028,0.332,0.219,0,0,0.047
446,67524305,31.296,103.606,2799.9,15935.8550983,0.466,0,0.089,0.006,0.031,0.392,0.001,0,0.014
447,59453640.7,31.315,103.668,2836.5,14504.2704548,0.418,0,0.164,0.004,0.057,0.337,0.006,0,0.015
448,12642265.9,31.254,103.453,1834.4,7360.24771054,0.317,0.022,0.038,0.056,0.225,0.29,0,0,0.051
449,10542828.3,31.267,103.479,1750,6488.0861305,0.193,0,0.062,0.017,0.237,0.384,0,0,0.106
450,50614703.8,31.29,103.534,2521.3,15228.8284421,0.461,0.003,0.017,0.009,0.15,0.341,0,0,0.019
451,10717781.4,31.26,103.422,2049.2,5173.64549895,0.21,0.023,0.033,0.111,0.341,0.237,0,0,0.045
452,35530700.7,31.257,103.376,2495.9,10476.2998061,0.362,0.009,0.013,0.128,0.283,0.196,0,0,0.01
453,171028103.3,31.288,102.925,4040.7,33282.6643786,0.155,0,0.127,0.012,0.081,0.227,0.034,0.099,0.266
454,3499062.8,31.245,103.488,1560.8,3140.31341487,0.148,0,0.057,0.021,0.331,0.348,0,0,0.095
455,33385622.9,31.239,103.543,2357.6,10073.2460009,0.467,0,0.011,0.012,0.122,0.367,0,0,0.021
456,6572152.7,31.247,103.647,1855,5116.35719493,0.52,0,0.005,0.008,0.205,0.246,0.003,0,0.012
457,25322565.2,31.254,103.683,2448.6,10636.2999219,0.64,0,0.001,0.016,0.102,0.232,0.001,0,0.008
458,38497297.2,31.269,103.011,4438.8,13745.6220292,0.013,0,0.099,0,0.007,0.086,0.048,0.339,0.408
459,26288610.9,31.249,103.052,4426.9,10401.4801712,0.031,0,0.096,0.002,0.016,0.103,0.077,0.238,0.436
460,83673.2,31.218,103.029,3313.5,736.954510286,0.167,0,0.028,0,0.611,0.194,0,0,0
461,48743466,31.228,102.967,4356.7,14133.7119075,0.031,0,0.158,0.003,0.025,0.141,0.051,0.144,0.446
462,46712488,31.218,103.329,3052.2,13095.883677,0.309,0.013,0.183,0.082,0.144,0.263,0.002,0,0.004
463,19161172,31.219,103.413,2222.9,8109.59874384,0.288,0.014,0.013,0.128,0.156,0.375,0,0,0.027
464,27840369,31.215,103.468,2023.7,10627.0025297,0.283,0.01,0.038,0.017,0.153,0.464,0,0,0.035
465,28311981.8,31.2,103.543,2293.7,10178.5252166,0.521,0,0.008,0.029,0.134,0.296,0,0,0.013
466,9135596.5,31.206,103.044,3753.9,4857.80785168,0.271,0,0.107,0,0.02,0.329,0.059,0.045,0.17
467,39531802.6,31.187,102.938,4331.6,11952.7762307,0.033,0,0.159,0.014,0.038,0.163,0.026,0.14,0.428
468,10116855.5,31.188,103.015,3598.1,5702.60898171,0.341,0,0.191,0,0.012,0.375,0.008,0,0.073
469,34648328.2,31.177,103.38,2824.2,9703.75090714,0.444,0.013,0.019,0.071,0.141,0.31,0,0,0.003
470,38428837.2,31.223,103.096,4290.7,11901.6861882,0.026,0,0.112,0,0.013,0.173,0.073,0.28,0.322
471,20515157.2,31.176,103.049,3713.1,8067.27436683,0.298,0,0.15,0,0.032,0.296,0.04,0.03,0.153
472,2692757,31.181,103.083,3222.3,2701.1334941,0.329,0,0.193,0.009,0.116,0.329,0.017,0,0.008
473,56996689.9,31.214,103.632,2106.9,15439.3868736,0.607,0,0.002,0.033,0.145,0.195,0.005,0,0.012
474,25322565.2,31.179,103.614,2236.1,10636.2999219,0.574,0,0,0.034,0.132,0.244,0.005,0,0.011
475,68003524.4,31.227,103.144,4175.5,20742.0411808,0.076,0,0.195,0,0.011,0.229,0.069,0.179,0.241
476,8793296.8,31.153,103.196,2723.4,5151.95158369,0.384,0,0.015,0,0.033,0.567,0,0,0.001
477,97182665.5,31.229,103.205,4007.4,20597.5367188,0.134,0,0.295,0.002,0.017,0.288,0.065,0.042,0.157
478,63355856.4,31.147,103.127,3529.8,13475.2078897,0.204,0,0.168,0.001,0.019,0.411,0.041,0.03,0.126
479,66094253.2,31.14,102.96,4355.5,15394.4950926,0.038,0,0.098,0.007,0.023,0.119,0.023,0.224,0.47
480,46507108.3,31.132,103.042,4260.7,13689.3971788,0.062,0,0.121,0.003,0.03,0.152,0.047,0.179,0.405
481,42734205.9,31.131,103.214,2911.7,11324.7317937,0.33,0,0.063,0.01,0.053,0.516,0.013,0,0.016
482,62306137.4,31.168,103.474,2054,15370.2337733,0.242,0,0.048,0.016,0.138,0.526,0,0,0.031
483,26235364.2,31.143,103.529,2006.5,9953.53458491,0.377,0,0.014,0.024,0.18,0.391,0.003,0,0.011
484,16369528.6,31.127,103.268,2282.2,8247.37321755,0.353,0.008,0.014,0.088,0.232,0.295,0.004,0,0.007
485,56487044,31.164,103.3,2902.9,15268.0536883,0.423,0.002,0.107,0.058,0.183,0.22,0.002,0,0.004
486,39052583.3,31.132,103.427,2743.8,12657.235483,0.207,0,0.074,0.001,0.049,0.643,0,0,0.026
487,7340425.1,31.109,103.501,1593.8,4773.69082445,0.576,0,0.021,0.005,0.11,0.249,0,0,0.04
488,25398631.9,31.077,103.28,2291.7,9077.74214734,0.321,0.042,0.008,0.116,0.352,0.15,0,0,0.009
489,32883583.6,31.122,103.342,2639.8,11396.9840247,0.443,0.006,0.02,0.064,0.18,0.274,0,0,0.014
490,45335683,31.083,103.223,2571.7,14678.7027708,0.407,0.001,0.047,0.045,0.221,0.267,0.002,0,0.009
491,150170646.5,31.063,103.373,2326.1,30848.8458932,0.291,0.008,0.033,0.044,0.14,0.457,0,0,0.027
492,28829234.7,31.084,103.49,1483.5,9239.77794032,0.375,0,0.037,0.035,0.16,0.334,0.001,0,0.058
493,34458161.7,31.082,103.153,3543.4,12416.7491975,0.249,0,0.209,0.004,0.053,0.29,0.056,0.007,0.132
494,1277918.6,31.041,103.203,2150.6,1840.8367103,0.019,0,0.023,0.509,0.315,0.102,0,0,0.032
495,28068568.8,31.027,103.225,2613.8,8088.43655536,0.479,0.005,0.032,0.107,0.286,0.087,0,0,0.005
496,78972325.5,31.1,103.556,1687.7,22709.3192953,0.389,0,0.005,0.063,0.2,0.291,0.012,0,0.04
497,31339431.9,31.074,103.005,3990,13526.829659,0.043,0,0.162,0.003,0.087,0.158,0.03,0.098,0.42
498,51048283.2,31.026,102.992,3947.5,11628.1729179,0.057,0,0.133,0.001,0.091,0.204,0.045,0.043,0.425
499,13501818.2,31.035,103.566,987.7,7306.05853729,0.233,0,0,0.062,0.136,0.253,0.022,0,0.294
500,114274826.5,31.116,103.636,1422.7,26993.8036101,0.337,0,0,0.122,0.251,0.214,0.042,0,0.034
501,65721527,31.066,103.097,3760.6,18228.2682525,0.22,0,0.179,0.001,0.043,0.223,0.043,0.037,0.254
502,51504682.8,31.011,103.169,2734.2,14125.4779688,0.45,0.02,0.064,0.06,0.19,0.198,0.003,0,0.016
503,8184764.2,31.016,103.593,919.4,6033.94228271,0.252,0,0,0.046,0.119,0.327,0.005,0,0.251
504,25527945.1,31.047,103.462,1399.2,11513.5963099,0.324,0,0.032,0.027,0.218,0.299,0.001,0,0.097
505,1232278.4,31.003,103.472,952,5555.00538893,0.203,0,0.054,0.021,0.044,0.252,0.004,0,0.421
506,35629587.2,31.007,103.518,1170.5,14772.1171903,0.298,0,0.01,0.016,0.243,0.234,0.012,0,0.186
507,52820634.7,31.003,103.42,1683,13445.2800358,0.28,0,0.024,0.062,0.254,0.337,0,0,0.042
508,14110351,30.991,103.127,2733.5,5964.78918248,0.465,0.021,0.027,0.045,0.247,0.172,0,0,0.023
509,42878732.3,31.005,103.279,2659.3,11466.1371249,0.584,0,0.012,0.031,0.233,0.14,0,0,0.001
510,62640830.3,31.027,103.065,3483.9,19193.844252,0.239,0.003,0.165,0.001,0.062,0.262,0.04,0.012,0.215
511,197773.1,30.97,103.121,2354.4,842.233726034,0.354,0,0,0.333,0.271,0,0,0,0.042
512,25505124.9,30.942,103.131,3141.8,9962.30025039,0.499,0.051,0.089,0.036,0.058,0.234,0.02,0,0.013
513,49793184.7,30.959,103.218,2602.3,13297.676443,0.518,0.008,0.035,0.02,0.181,0.231,0.002,0,0.005
514,49055338.9,30.957,103.307,2073.9,14478.7254336,0.5,0,0.002,0.084,0.276,0.111,0,0,0.027
515,25421451.7,30.962,103.357,2026.5,11517.2271674,0.441,0,0.012,0.025,0.313,0.165,0.001,0,0.043
516,36793405.8,30.965,102.988,3885.8,16014.8373176,0.121,0,0.127,0.001,0.035,0.162,0.08,0.037,0.437
517,79877518,30.947,103.062,3268.2,20929.4017466,0.381,0.013,0.129,0.01,0.059,0.228,0.045,0.004,0.129
518,304266.3,30.922,103.343,1118.3,1052.79215753,0.225,0,0,0,0.212,0.212,0,0,0.35
519,69456396.1,30.938,102.948,3849.5,16212.9992261,0.112,0.001,0.094,0,0.022,0.112,0.074,0.039,0.547
520,15122036.6,30.909,103.016,3145.8,6626.392331,0.45,0.014,0.107,0.009,0.057,0.251,0.026,0,0.087
521,669385.9,30.895,103,2774.1,2045.19688033,0.572,0,0.022,0,0.067,0.267,0,0,0.072
522,6815565.8,30.912,103.355,1306.6,4890.83483644,0.302,0,0.004,0.015,0.302,0.192,0.003,0,0.182
523,111833089.1,30.927,103.415,1388.9,22629.3648524,0.291,0,0.013,0.046,0.336,0.19,0,0,0.123
524,34838494.5,30.914,103.239,2195.3,11156.4977392,0.573,0,0.007,0.01,0.185,0.222,0.001,0,0.003
525,48545692.9,30.886,103.297,1799.6,14480.5408623,0.363,0,0.003,0.031,0.348,0.218,0,0,0.037
526,33689889.2,30.908,103.168,2621.2,9083.94040885,0.526,0.002,0.095,0.002,0.043,0.324,0.005,0,0.003
527,42764632.5,30.866,103.228,2085.7,12605.6137137,0.55,0.002,0.002,0.005,0.132,0.3,0.002,0,0.007
528,33165029.7,30.854,103.324,1820.5,12332.6321702,0.395,0,0.002,0.04,0.324,0.203,0.001,0,0.036
529,43814351.2,30.849,103.021,3770.1,12994.2353187,0.184,0.008,0.214,0.013,0.036,0.17,0.135,0.015,0.227
530,32701023.6,30.882,102.923,3947.7,11385.1192284,0.069,0,0.155,0.002,0.029,0.117,0.088,0.004,0.536
531,17723513.6,30.876,102.979,3257.6,8199.91403257,0.436,0.005,0.118,0.011,0.075,0.218,0.041,0,0.097
532,115043098.9,30.854,103.106,2985.3,19154.6190057,0.364,0.003,0.15,0.001,0.035,0.344,0.047,0.003,0.053
533,6450446.1,30.843,102.979,3487.4,5447.69049599,0.482,0,0.116,0,0.049,0.239,0.051,0,0.062
534,27809942.4,30.827,102.894,4165.9,9827.09318063,0.018,0,0.184,0.004,0.026,0.083,0.082,0.024,0.578
535,12117406.4,30.845,102.935,3667.6,6530.41050751,0.268,0,0.248,0.004,0.055,0.234,0.027,0,0.164
536,39653509.3,30.805,102.967,4062.5,10169.2278244,0.162,0,0.146,0.001,0.029,0.148,0.12,0.04,0.355
537,26729797,30.792,102.912,4215.1,10392.1827789,0.026,0,0.127,0.004,0.024,0.065,0.112,0.052,0.589
