"BasinID","uztwm","uzfwm","uzk","zperc","rexp","lztwm","lzfsm","lzfpm","lzsk","lzpk","pfree"
1,98.9519,98.9519,0.4471,49.9868,2.0255,118.2606,24.9472,89.4007,0.1673,0.0043,0.2135
2,98.3098,98.3098,0.4471,49.9349,2.0255,114.6409,23.8314,82.4741,0.1679,0.004,0.2135
3,98.9096,98.9096,0.4471,49.5762,2.0255,126.6498,26.3886,91.8923,0.1678,0.0045,0.2135
4,98.2777,98.2777,0.4471,50.0527,2.0255,112.7247,23.4812,81.7124,0.1678,0.004,0.2135
5,99.1307,99.1307,0.4471,49.662,2.0255,130.7223,27.8083,101.6753,0.167,0.0048,0.2135
6,96.5158,96.5158,0.4471,49.4063,2.0255,131.2235,27.144,93.3988,0.168,0.0046,0.2135
7,95.1004,95.1004,0.4471,49.396,2.0255,126.696,25.7844,85.1711,0.1686,0.0042,0.2135
8,95.0821,95.0821,0.4471,48.9693,2.0255,144.2702,29.3462,97.3399,0.1685,0.0048,0.2135
9,90.4991,90.4991,0.4471,48.996,2.0255,132.8989,26.2581,81.0528,0.1697,0.0041,0.2135
10,62.5577,60.5526,0.4198,52.7107,2.0807,138.7015,25.7721,68.7397,0.1611,0.0037,0.2287
11,99.4,99.4,0.4471,49.0553,2.0255,145.607,30.9399,112.7252,0.1671,0.0054,0.2135
12,99.4,99.4,0.4471,49.4544,2.0255,134.9701,28.6777,104.4677,0.1671,0.005,0.2135
13,99.4,99.4,0.4471,49.2525,2.0255,141.5391,30.1406,110.3883,0.1669,0.0053,0.2135
14,90.1531,90.1531,0.4471,49.9408,2.0255,108.4089,21.6173,68.3499,0.1691,0.0034,0.2135
15,65.8799,63.4879,0.4112,54.6494,2.0978,129.5215,24.3065,67.0754,0.157,0.0035,0.2335
16,96.4649,96.4649,0.4471,49.4334,2.0255,131.8818,27.3175,94.3648,0.1679,0.0046,0.2135
17,58.624,58.0342,0.4374,50.5055,2.045,133.8497,24.6211,64.5928,0.168,0.0034,0.2189
18,98.1276,98.1276,0.4471,49.4282,2.0255,127.1125,25.9276,85.8307,0.1685,0.0043,0.2135
19,95.3976,95.3976,0.4471,49.3831,2.0255,124.7165,25.3034,82.9167,0.1688,0.0041,0.2135
20,99.4,99.4,0.4471,50.0046,2.0255,122.3934,26.1307,96.2627,0.1668,0.0046,0.2135
21,99.4,99.4,0.4471,49.9096,2.0255,124.5307,26.5551,97.5608,0.1669,0.0046,0.2135
22,99.4,99.4,0.4471,50.4048,2.0255,112.0279,23.9177,88.1102,0.1668,0.0042,0.2135
23,99.4,99.4,0.4471,49.595,2.0255,133.4404,28.4892,104.9512,0.1668,0.005,0.2135
24,99.4,99.4,0.4471,50.4158,2.0255,111.8068,23.8705,87.9363,0.1668,0.0042,0.2135
25,99.4,99.4,0.4471,49.5673,2.0255,134.0028,28.6093,105.3935,0.1668,0.005,0.2135
26,99.4,99.4,0.4471,49.9814,2.0255,111.5063,23.0049,77.9218,0.1681,0.0039,0.2135
27,99.4,99.4,0.4471,48.6668,2.0255,158.4119,33.8206,124.5913,0.1668,0.0059,0.2135
28,98.9788,98.9788,0.4471,50.1664,2.0255,115.1946,24.3195,87.3817,0.1672,0.0042,0.2135
29,99.4,99.4,0.4471,50.5261,2.0255,106.9165,22.7069,82.6171,0.167,0.0039,0.2135
30,76.0051,75.6715,0.4417,49.9966,2.0365,123.8325,23.571,66.8213,0.1687,0.0035,0.2165
31,99.3976,99.3976,0.4471,49.8158,2.0255,126.7241,27.0077,99.0884,0.1669,0.0047,0.2135
32,99.4,99.4,0.4471,49.0024,2.0255,147.6857,31.4115,114.7131,0.167,0.0055,0.2135
33,99.4,99.4,0.4471,49.6769,2.0255,128.8873,27.3491,99.3126,0.1671,0.0047,0.2135
34,99.3519,99.3519,0.4471,50.2625,2.0255,109.3065,23.1346,83.3197,0.1673,0.004,0.2135
35,99.4,99.4,0.4471,49.2353,2.0255,142.8981,30.5084,112.3897,0.1668,0.0053,0.2135
36,99.4,99.4,0.4471,49.1454,2.0255,145.3712,31.0364,114.3348,0.1668,0.0054,0.2135
37,99.4,99.4,0.4471,49.0841,2.0255,147.0125,31.3868,115.6256,0.1668,0.0055,0.2135
38,99.4,99.4,0.4471,48.6933,2.0255,157.7226,33.6734,124.0492,0.1668,0.0059,0.2135
39,99.4,99.4,0.4471,50.5617,2.0255,105.2118,22.3413,81.2113,0.1671,0.0039,0.2135
40,90.5284,90.2785,0.443,50.1272,2.0337,123.6404,24.9754,81.6545,0.1673,0.0041,0.2158
41,99.4,99.4,0.4471,50.5908,2.0255,97.7893,20.4297,71.2774,0.1677,0.0035,0.2135
42,99.4,99.4,0.4471,49.7568,2.0255,129.0953,27.5615,101.5337,0.1668,0.0048,0.2135
43,99.4,99.4,0.4471,49.3896,2.0255,138.8868,29.652,109.2348,0.1668,0.0052,0.2135
44,99.4,99.4,0.4471,49.6273,2.0255,132.5083,28.2902,104.2181,0.1668,0.0049,0.2135
45,99.4,99.4,0.4471,49.4998,2.0255,135.8436,29.0023,106.8413,0.1668,0.0051,0.2135
46,99.4,99.4,0.4471,48.9194,2.0255,151.4847,32.3416,119.1431,0.1668,0.0057,0.2135
47,98.3887,98.3887,0.4471,49.0851,2.0255,146.0245,30.9421,112.3103,0.1671,0.0054,0.2135
48,99.4,99.4,0.4471,49.1741,2.0255,143.7798,30.6451,112.4513,0.1669,0.0053,0.2135
49,99.4,99.4,0.4471,48.694,2.0255,157.656,33.6592,123.9968,0.1668,0.0059,0.2135
50,99.4,99.4,0.4471,49.2755,2.0255,141.8034,30.2747,111.5287,0.1668,0.0053,0.2135
51,99.4,99.4,0.4471,49.156,2.0255,144.9488,30.9366,113.8868,0.1668,0.0054,0.2135
52,99.3588,99.3588,0.4471,49.5416,2.0255,133.3473,28.3414,103.3545,0.167,0.0049,0.2135
53,98.7762,98.7762,0.4471,49.6229,2.0255,129.0184,27.091,96.2224,0.1674,0.0046,0.2135
54,99.1241,99.1241,0.4471,50.3127,2.0255,108.1115,22.7137,80.5364,0.1675,0.0039,0.2135
55,89.305,88.7083,0.4381,50.4739,2.0437,135.7989,26.9097,84.0552,0.1657,0.0043,0.2185
56,99.4,99.4,0.4471,49.4468,2.0255,137.4806,29.3518,108.1288,0.1668,0.0051,0.2135
57,99.4,99.4,0.4471,49.9821,2.0255,119.1899,25.27,91.5057,0.1672,0.0044,0.2135
58,97.3424,97.3424,0.4471,49.1217,2.0255,137.6984,28.3987,96.8429,0.1682,0.0047,0.2135
59,93.1628,93.1628,0.4471,48.8953,2.0255,150.0238,30.6826,103.6684,0.1683,0.0051,0.2135
60,93.964,93.964,0.4471,48.6925,2.0255,147.5793,29.8572,97.3066,0.1689,0.0049,0.2135
61,99.4,99.4,0.4471,49.2978,2.0255,140.3505,29.8682,109.2402,0.167,0.0052,0.2135
62,99.4,99.4,0.4471,49.2501,2.0255,140.9321,29.9651,109.3479,0.167,0.0052,0.2135
63,99.1454,99.1454,0.4471,50.0594,2.0255,118.2386,25.03,90.4471,0.1672,0.0043,0.2135
64,99.4,99.4,0.4471,49.9397,2.0255,123.6576,26.3507,96.6599,0.1669,0.0046,0.2135
65,99.4,99.4,0.4471,49.3173,2.0255,140.6773,30.0343,110.6431,0.1668,0.0053,0.2135
66,99.4,99.4,0.4471,50.7427,2.0255,98.2125,20.76,74.5885,0.1672,0.0036,0.2135
67,98.439,98.439,0.4471,49.206,2.0255,141.8114,29.9417,107.7967,0.1673,0.0052,0.2135
68,81.9835,80.9988,0.4326,50.9356,2.0546,144.618,28.1639,84.4727,0.1645,0.0043,0.2216
69,97.4683,97.4683,0.4471,49.5377,2.0255,130.2002,27.1912,95.5562,0.1677,0.0046,0.2135
70,99.4,99.4,0.4471,50.0144,2.0255,119.1379,25.3087,92.0848,0.1671,0.0044,0.2135
71,98.6745,98.6745,0.4471,50.4004,2.0255,104.6369,22.0028,78.0202,0.1675,0.0038,0.2135
72,56.536,54.0489,0.4103,54.1904,2.0465,133.5017,25.1132,64.5859,0.1577,0.0035,0.234
73,96.5435,96.4345,0.4453,49.4567,2.0291,138.9191,29.0582,102.5645,0.167,0.005,0.2145
74,99.4,99.4,0.4471,49.001,2.0255,149.4157,31.8999,117.5158,0.1668,0.0056,0.2135
75,99.4,99.4,0.4471,49.3432,2.0255,140.1377,29.9191,110.2187,0.1668,0.0052,0.2135
76,95.2316,95.2316,0.4471,50.3423,2.0255,104.0883,21.588,74.7672,0.1679,0.0036,0.2135
77,99.4,99.4,0.4471,50.2562,2.0255,116.0815,24.7831,91.2984,0.1668,0.0043,0.2135
78,99.4,99.4,0.4471,50.5065,2.0255,104.0553,21.8324,77.1662,0.1674,0.0037,0.2135
79,86.7794,86.7058,0.4459,49.9769,2.0279,102.8267,20.1579,60.941,0.1694,0.0031,0.2142
80,98.2135,98.1519,0.4463,49.2344,2.0271,139.1119,28.8063,99.0626,0.1677,0.0048,0.2139
81,99.4,99.4,0.4471,49.1977,2.0255,143.7975,30.6825,112.8808,0.1669,0.0054,0.2135
82,51.6187,46.6122,0.3658,60.7711,2.1889,167.8439,31.2762,85.8558,0.1399,0.0045,0.2588
83,88.6384,88.4786,0.4449,49.3785,2.03,139.8921,27.6218,85.6829,0.1686,0.0043,0.2148
84,99.4,99.4,0.4471,49.4995,2.0255,135.8078,28.9947,106.8132,0.1668,0.0051,0.2135
85,39.5989,33.1932,0.3465,62.8954,2.2277,190.1508,34.2943,85.4775,0.1337,0.0046,0.2696
86,95.9471,95.9471,0.4471,49.021,2.0255,143.465,29.6401,101.9016,0.1681,0.005,0.2135
87,99.4,99.4,0.4471,50.6949,2.0255,94.3567,19.8098,69.8316,0.1676,0.0034,0.2135
88,98.3707,98.3707,0.4471,49.959,2.0255,118.566,24.7954,87.242,0.1676,0.0042,0.2135
89,98.8629,98.8629,0.4471,50.6894,2.0255,98.0518,20.5581,72.5547,0.1675,0.0035,0.2135
90,80.3333,79.2774,0.4323,50.7274,2.0554,164.3528,31.8922,95.9902,0.164,0.0049,0.2217
91,99.4,99.4,0.4471,50.0809,2.0255,120.5478,25.7367,94.8111,0.1668,0.0045,0.2135
92,99.4,99.4,0.4471,49.7856,2.0255,127.9929,27.312,100.4934,0.1669,0.0048,0.2135
93,99.4,99.4,0.4471,49.2709,2.0255,141.9997,30.3166,111.6831,0.1668,0.0053,0.2135
94,99.4,99.4,0.4471,49.7537,2.0255,129.165,27.5764,101.5885,0.1668,0.0048,0.2135
95,84.7891,84.7891,0.4471,49.067,2.0255,134.2982,25.9071,75.8882,0.1703,0.0039,0.2135
96,72.5227,71.9075,0.4379,49.7372,2.0441,150.6333,27.8346,72.5519,0.1683,0.0039,0.2186
97,92.3021,92.3021,0.4471,48.5807,2.0255,145.5657,28.5872,86.5978,0.17,0.0045,0.2135
98,97.5912,97.5912,0.4471,49.9977,2.0255,99.0858,20.0674,64.5599,0.1689,0.0033,0.2135
99,77.2681,75.9161,0.4276,51.3239,2.0647,167.8399,32.257,94.7002,0.1627,0.0049,0.2243
100,87.7123,87.7123,0.4471,48.9395,2.0255,132.5187,25.3738,72.1097,0.1706,0.0038,0.2135
101,96.0932,96.0932,0.4471,50.1164,2.0255,108.7525,22.3582,75.6468,0.1682,0.0037,0.2135
102,99.4,99.4,0.4471,51.1875,2.0255,92.1676,19.6776,72.49,0.1668,0.0034,0.2135
103,91.0706,91.0706,0.4471,49.6701,2.0255,120.2897,23.7295,73.1792,0.1693,0.0037,0.2135
104,98.1077,98.1077,0.4471,50.2701,2.0255,112.5164,23.808,86.0755,0.1672,0.0041,0.2135
105,84.2002,84.0464,0.4446,50.1229,2.0046,105.4871,21.0561,64.7453,0.1688,0.0033,0.2149
106,53.1543,49.1163,0.3827,58.7271,2.155,142.1393,26.0847,68.072,0.147,0.0036,0.2494
107,88.1847,88.0389,0.4455,49,2.0287,147.7891,29.155,90.4223,0.169,0.0046,0.2144
108,94.9646,94.9485,0.447,48.6378,2.0256,136.8071,26.6178,77.6669,0.1703,0.0041,0.2135
109,85.8333,85.8012,0.4466,49.32,2.0265,114.9042,22.2102,64.401,0.1703,0.0034,0.2138
110,97.4656,97.4656,0.4471,50.3121,2.0255,109.882,22.8557,79.6262,0.1677,0.0039,0.2135
111,98.6997,98.6997,0.4471,50.3184,2.0255,103.1627,21.5468,75.2014,0.1678,0.0037,0.2135
112,85.6294,85.6199,0.4471,49.205,2.0256,132.9619,25.837,77.3167,0.17,0.004,0.2135
113,97.6533,97.6533,0.4471,49.8871,2.0255,102.5853,20.7859,67.0075,0.1689,0.0034,0.2135
114,81.6509,81.5341,0.4453,48.7341,2.0291,145.3899,27.3652,74.3411,0.1707,0.004,0.2145
115,99.4,99.4,0.4471,49.2137,2.0255,143.5701,30.6519,112.9183,0.1668,0.0054,0.2135
116,99.4,99.4,0.4471,50.0787,2.0255,119.3286,25.4235,93.1567,0.167,0.0044,0.2135
117,98.2771,98.2771,0.4471,49.8946,2.0255,116.1794,24.4486,87.0001,0.1676,0.0042,0.2135
118,27.6214,19.8413,0.3211,67.163,2.2786,182.682,32.5289,78.5818,0.1243,0.0043,0.2837
119,95.8803,95.8803,0.4471,50.2311,2.0255,108.986,22.4791,76.8718,0.168,0.0038,0.2135
120,72.2944,70.0191,0.4113,54.1133,2.0974,149.3861,28.2988,79.5742,0.1569,0.0042,0.2334
121,45.693,41.0879,0.3727,59.4188,2.1751,169.0368,30.5298,76.2694,0.1437,0.0041,0.255
122,99.4,99.4,0.4471,50.8787,2.0255,99.899,21.3282,78.5708,0.1668,0.0037,0.2135
123,99.4,99.4,0.4471,50.693,2.0255,105.5853,22.5422,83.0431,0.1668,0.0039,0.2135
124,99.4,99.4,0.4471,49.9891,2.0255,103.575,21.2327,70.3715,0.1685,0.0035,0.2135
125,95.113,95.113,0.4471,49.2795,2.0255,127.2071,25.6116,82.3718,0.169,0.0041,0.2135
126,94.0055,94.0055,0.4471,49.8742,2.0255,108.4319,21.7034,68.791,0.1691,0.0035,0.2135
127,22.5,13.5,0.3002,70.6359,2.3205,175.0701,31.0295,74.0126,0.1164,0.004,0.2954
128,95.3232,95.3232,0.4471,50.09,2.0255,106.1051,21.7381,72.9462,0.1684,0.0036,0.2135
129,93.8086,93.8086,0.4471,50.4614,2.0255,90.5356,18.4661,61.1358,0.1686,0.003,0.2135
130,99.4,99.4,0.4471,49.5446,2.0255,134.892,28.7991,106.0929,0.1668,0.005,0.2135
131,99.4,99.4,0.4471,48.7247,2.0255,156.8206,33.4808,123.3397,0.1668,0.0059,0.2135
132,73.3261,71.3977,0.4172,52.9798,2.0856,149.8633,27.9485,74.7706,0.1598,0.004,0.2301
133,91.8891,91.5739,0.4424,50.0674,2.0349,118.9851,23.451,71.3874,0.1678,0.0037,0.2161
134,97.486,97.486,0.4471,49.6439,2.0255,118.7284,24.3317,81.4173,0.1684,0.004,0.2135
135,99.4,99.4,0.4471,50.9278,2.0255,95.7417,20.3309,73.8897,0.1671,0.0035,0.2135
136,99.4,99.4,0.4471,50.4173,2.0255,111.4829,23.7801,87.4076,0.1669,0.0042,0.2135
137,98.7102,98.7102,0.4471,50.6615,2.0255,106.5746,22.7534,83.8212,0.1668,0.004,0.2135
138,99.4,99.4,0.4471,49.5577,2.0255,134.2999,28.6727,105.6272,0.1668,0.005,0.2135
139,99.0549,99.0549,0.4471,50.7137,2.0255,103.6348,22.0624,80.8069,0.1669,0.0038,0.2135
140,99.4,99.4,0.4471,49.3796,2.0255,138.955,29.6666,109.2884,0.1668,0.0052,0.2135
141,99.4,99.4,0.4471,50.3034,2.0255,115.3466,24.6262,90.7203,0.1668,0.0043,0.2135
142,22.5081,13.8075,0.3037,69.8643,2.276,177.7961,32.0337,76.4081,0.1177,0.0042,0.2934
143,98.7993,98.7993,0.4471,50.8861,2.0255,91.3047,19.1353,67.3583,0.1675,0.0033,0.2135
144,93.6798,93.5901,0.4459,49.6271,2.0278,120.0469,23.7768,73.354,0.1689,0.0038,0.2141
145,99.4,99.4,0.4471,49.5592,2.0255,134.7339,28.7654,105.9685,0.1668,0.005,0.2135
146,99.4,99.4,0.4471,50.2432,2.0255,114.0728,24.2863,88.7831,0.167,0.0042,0.2135
147,93.9327,93.9327,0.4471,49.861,2.0255,101.7182,20.1169,61.3973,0.1695,0.0032,0.2135
148,34.6966,27.7187,0.3348,65.1208,2.2513,175.9079,31.5308,77.4786,0.1293,0.0042,0.2761
149,59.9277,57.1636,0.4033,55.4574,2.1136,136.4052,25.1355,65.8385,0.1549,0.0035,0.2379
150,99.4,99.4,0.4471,50.1825,2.0255,114.5756,24.3595,88.7695,0.1671,0.0042,0.2135
151,98.6587,98.6587,0.4471,49.9467,2.0255,116.9367,24.5576,87.0612,0.1675,0.0042,0.2135
152,99.4,99.4,0.4471,49.2297,2.0255,134.6842,28.0148,97.0492,0.1679,0.0047,0.2135
153,94.7601,94.5792,0.4441,51.6111,2.0315,87.9754,18.2897,63.9046,0.1664,0.0031,0.2151
154,97.6572,97.6572,0.4471,49.6519,2.0255,126.3964,26.2781,91.3705,0.1678,0.0044,0.2135
155,99.4,99.4,0.4471,50.1399,2.0255,118.315,25.2254,92.6323,0.1669,0.0044,0.2135
156,53.8633,49.9685,0.3866,57.6779,2.1473,160.078,29.5156,78.472,0.1482,0.0041,0.2472
157,99.4,99.4,0.4471,49.5104,2.0255,136.0387,29.0439,106.9948,0.1668,0.0051,0.2135
158,25.0412,16.8241,0.3138,67.9698,2.2934,192.1499,34.0786,81.3619,0.1216,0.0044,0.2878
159,97.0127,97.0127,0.4471,51.1671,2.0255,83.3434,17.2091,58.7486,0.1679,0.0029,0.2135
160,89.3979,89.3979,0.4471,50.6537,2.0255,94.7066,18.9893,61.2472,0.1687,0.0031,0.2135
161,99.4,99.4,0.4471,49.4548,2.0255,137.1935,29.2905,107.903,0.1668,0.0051,0.2135
162,99.4,99.4,0.4471,48.6693,2.0255,158.3428,33.8058,124.537,0.1668,0.0059,0.2135
163,96.924,96.924,0.4471,49.4388,2.0255,128.5981,26.5435,90.7101,0.1681,0.0044,0.2135
164,74.2649,72.294,0.4189,52.7465,2.0823,154.175,29.2091,82.2958,0.1599,0.0043,0.2292
165,98.5996,98.5923,0.447,49.3383,2.0257,130.6893,27.1075,93.3412,0.168,0.0046,0.2136
166,91.3493,91.3493,0.4471,49.3872,2.0255,128.4353,25.6975,82.1413,0.1691,0.0041,0.2135
167,89.5586,89.5199,0.4465,50.1819,2.0268,108.3024,21.9589,72.6718,0.1684,0.0036,0.2139
168,90.7771,90.7771,0.4471,49.8534,2.0255,115.9741,23.1755,74.0206,0.169,0.0037,0.2135
169,25.3919,18.3428,0.3273,66.5005,2.1654,163.8917,30.4491,72.7989,0.1268,0.004,0.2803
170,95.956,95.956,0.4471,50.1587,2.0255,107.0697,21.9535,73.7805,0.1683,0.0036,0.2135
171,97.2186,97.2186,0.4471,50.0064,2.0255,99.0944,20.0476,64.3939,0.1689,0.0033,0.2135
172,99.4,99.4,0.4471,48.9692,2.0255,150.1839,32.0639,118.12,0.1668,0.0056,0.2135
173,97.3877,97.3877,0.4471,49.1403,2.0255,142.0628,29.7096,104.8364,0.1676,0.0051,0.2135
174,99.4,99.4,0.4471,49.4253,2.0255,137.0804,29.2166,107.1954,0.1669,0.0051,0.2135
175,96.9209,96.9209,0.4471,49.655,2.0255,124.4637,25.8938,90.1667,0.1678,0.0044,0.2135
176,87.9552,87.9552,0.4471,50.06,2.0255,108.8995,21.6891,68.5012,0.169,0.0035,0.2135
177,99.0737,99.0737,0.4471,50.216,2.0255,112.9003,23.9624,86.9918,0.1672,0.0042,0.2135
178,99.4,99.4,0.4471,50.7924,2.0255,100.0308,21.3212,78.1584,0.167,0.0037,0.2135
179,99.4,99.4,0.4471,51.3402,2.0255,86.9096,18.5239,67.9003,0.1669,0.0032,0.2135
180,95.9301,95.9301,0.4471,50.0628,2.0255,101.3475,20.7163,68.3902,0.1686,0.0034,0.2135
181,80.0821,78.6515,0.4247,52.5113,2.0706,138.44,27.0514,82.4189,0.161,0.0042,0.226
182,90.506,90.1785,0.4426,49.9638,2.0347,125.2241,24.8305,77.2605,0.1677,0.0039,0.216
183,67.2998,66.0233,0.4263,52.302,2.0674,135.6693,25.5973,71.8357,0.1629,0.0037,0.2251
184,39.3389,35.9156,0.3846,58.5537,1.921,127.6961,25.8881,65.2915,0.1483,0.0035,0.2484
185,94.1819,94.1819,0.4471,49.7778,2.0255,110.3581,22.1761,70.8948,0.169,0.0036,0.2135
186,99.4,99.4,0.4471,50.6324,2.0255,106.7857,22.7985,83.9872,0.1668,0.004,0.2135
187,99.4,99.4,0.4471,49.1595,2.0255,144.9652,30.9497,114.0155,0.1668,0.0054,0.2135
188,98.5653,98.5653,0.4471,50.5673,2.0255,88.7591,18.452,63.2423,0.1681,0.0031,0.2135
189,99.4,99.4,0.4471,49.7348,2.0255,130.4073,27.8417,102.5657,0.1668,0.0049,0.2135
190,99.4,99.4,0.4471,48.7627,2.0255,155.7771,33.258,122.5191,0.1668,0.0058,0.2135
191,89.2465,88.9168,0.4417,50.0079,2.0364,135.3496,27.1368,87.397,0.1669,0.0044,0.2165
192,90.8542,90.8542,0.4471,49.4719,2.0255,111.9916,22.0367,66.6764,0.1698,0.0034,0.2135
193,99.4,99.4,0.4471,50.0725,2.0255,119.4575,25.4604,93.3569,0.1669,0.0044,0.2135
194,99.4,99.4,0.4471,49.3799,2.0255,139.121,29.702,109.419,0.1668,0.0052,0.2135
195,73.3729,72.6741,0.4357,50.8355,2.0486,139.9755,26.7291,77.5129,0.1659,0.004,0.2199
196,99.4,99.4,0.4471,48.7291,2.0255,156.6826,33.4514,123.2313,0.1668,0.0058,0.2135
197,99.4,99.4,0.4471,48.8821,2.0255,152.475,32.5531,119.9219,0.1668,0.0057,0.2135
198,83.9542,83.2919,0.437,50.9871,2.0132,124.8301,25.4967,83.0554,0.165,0.0041,0.2191
199,55.6439,51.4433,0.3802,58.9591,2.1468,150.1175,28.4252,80.0634,0.145,0.0041,0.2508
200,98.6792,98.6783,0.4471,49.7623,2.0255,123.7555,26.191,94.5441,0.1673,0.0045,0.2135
201,99.4,99.4,0.4471,49.0333,2.0255,148.38,31.6788,116.7012,0.1668,0.0055,0.2135
202,99.4,99.4,0.4471,48.8693,2.0255,152.8548,32.6341,120.2206,0.1668,0.0057,0.2135
203,99.4,99.4,0.4471,48.7848,2.0255,155.158,33.1259,122.0322,0.1668,0.0058,0.2135
204,93.4609,93.323,0.4449,49.7418,2.03,133.971,27.5376,93.9106,0.1673,0.0046,0.2148
205,98.3939,98.3939,0.4471,50.3764,2.0255,106.4379,22.4379,80.243,0.1674,0.0039,0.2135
206,89.9156,89.4823,0.4424,50.313,2.035,100.7374,19.8377,59.8466,0.168,0.0031,0.2161
207,99.4,99.4,0.4471,49.659,2.0255,122.9144,25.9434,92.7988,0.1675,0.0045,0.2135
208,99.4,99.4,0.4471,49.1877,2.0255,144.1522,30.7762,113.376,0.1668,0.0054,0.2135
209,99.4,99.4,0.4471,49.8273,2.0255,127.4729,27.2152,100.2577,0.1668,0.0048,0.2135
210,99.4,99.4,0.4471,51.3847,2.0255,81.5562,17.2629,62.1195,0.1672,0.003,0.2135
211,99.4,99.4,0.4471,49.1661,2.0255,144.7373,30.9011,113.8362,0.1668,0.0054,0.2135
212,99.4,99.4,0.4471,49.1821,2.0255,144.3166,30.8113,113.5053,0.1668,0.0054,0.2135
213,99.4,99.4,0.4471,49.1195,2.0255,144.9164,30.8745,113.1715,0.1669,0.0054,0.2135
214,99.4,99.4,0.4471,48.8974,2.0255,152.168,32.4875,119.6805,0.1668,0.0057,0.2135
215,94.3124,94.3124,0.4471,50.1623,2.0255,101.1592,20.5432,67.4352,0.1687,0.0034,0.2135
216,99.4,99.4,0.4471,49.6917,2.0255,117.574,24.6588,86.7211,0.1678,0.0042,0.2135
217,99.4,99.4,0.4471,48.8067,2.0255,154.593,33.0052,121.5877,0.1668,0.0058,0.2135
218,98.1418,98.1188,0.4467,49.545,2.0262,131.8991,27.8077,99.6792,0.1672,0.0048,0.2137
219,94.7582,94.7582,0.4471,49.8988,2.0255,114.8437,23.5395,79.1674,0.1683,0.0039,0.2135
220,94.9982,94.9982,0.4471,49.8275,2.0255,113.2465,23.1095,76.8299,0.1685,0.0038,0.2135
221,99.4,99.4,0.4471,49.9444,2.0255,124.4775,26.5757,97.9019,0.1668,0.0046,0.2135
222,99.4,99.4,0.4471,49.8331,2.0255,127.2285,27.163,100.0655,0.1668,0.0048,0.2135
223,99.4,99.4,0.4471,48.9429,2.0255,150.9059,32.2181,118.6878,0.1668,0.0056,0.2135
224,99.4,99.4,0.4471,50.278,2.0255,112.8127,24.0328,87.9718,0.167,0.0042,0.2135
225,83.1135,82.1651,0.4325,51.4026,2.042,137.372,27.4476,86.9885,0.1636,0.0044,0.2217
226,99.4,99.4,0.4471,48.6375,2.0255,159.2191,33.9929,125.2262,0.1668,0.0059,0.2135
227,87.2153,86.6968,0.4386,51.1613,2.0425,118.2425,24.0415,80.3403,0.1652,0.0039,0.2182
228,96.8355,96.8355,0.4471,50.4266,2.0255,94.1128,19.5538,67.3086,0.1681,0.0033,0.2135
229,99.4,99.4,0.4471,49.2668,2.0255,142.193,30.3579,111.8352,0.1668,0.0053,0.2135
230,51.7674,46.7728,0.3667,60.4324,2.1871,172.8334,32.1064,87.2904,0.1402,0.0046,0.2584
231,98.7062,98.7062,0.4471,49.4533,2.0255,134.9282,28.662,104.4612,0.1671,0.005,0.2135
232,99.4,99.4,0.4471,49.328,2.0255,140.3692,29.9685,110.4007,0.1668,0.0052,0.2135
233,92.006,92.006,0.4471,49.5545,2.0255,122.0948,24.6642,80.6039,0.1689,0.004,0.2135
234,99.4,99.4,0.4471,49.1642,2.0255,144.8706,30.9295,113.9411,0.1668,0.0054,0.2135
235,99.4,99.4,0.4471,49.9158,2.0255,121.9237,25.9288,94.5656,0.1671,0.0045,0.2135
236,88.1385,88.1385,0.4471,49.6443,2.0255,121.6048,24.6233,81.3944,0.1688,0.004,0.2135
237,91.9711,91.9257,0.4464,49.2267,2.027,141.2684,28.8235,96.8167,0.1681,0.0048,0.2139
238,87.5542,87.5542,0.4471,49.544,2.0255,121.7709,24.3612,78.2669,0.1692,0.0039,0.2135
239,99.4,99.4,0.4471,49.6599,2.0255,131.8283,28.145,103.6832,0.1668,0.0049,0.2135
240,99.4,99.4,0.4471,48.9246,2.0255,151.3156,32.3055,119.0101,0.1668,0.0056,0.2135
241,78.7175,77.1755,0.4219,53.3623,2.0761,125.1606,24.7346,77.7124,0.1596,0.0039,0.2275
242,94.4238,94.4238,0.4471,50.1025,2.0255,104.3766,21.4676,72.6822,0.1684,0.0036,0.2135
243,95.7337,95.7337,0.4471,49.4564,2.0255,134.3058,28.0283,98.7275,0.1676,0.0048,0.2135
244,99.4,99.4,0.4471,51.0289,2.0255,92.3476,19.6431,71.5812,0.1671,0.0034,0.2135
245,99.4,99.4,0.4471,49.8164,2.0255,125.6497,26.7933,98.3376,0.1669,0.0047,0.2135
246,41.9652,36.7329,0.3586,61.9837,2.1262,152.2428,28.7037,73.5568,0.138,0.0039,0.2628
247,77.9178,77.6931,0.4438,49.4891,2.0323,131.7797,25.1029,71.2651,0.1696,0.0037,0.2154
248,95.4831,95.4831,0.4471,49.8606,2.0255,116.8644,24.1645,83.0313,0.1681,0.0041,0.2135
249,99.4,99.4,0.4471,49.7105,2.0255,130.3933,27.8387,102.5547,0.1668,0.0049,0.2135
250,71.9292,71.9173,0.447,48.8119,2.0257,144.6368,27.0384,73.557,0.1713,0.0039,0.2136
251,99.4,99.4,0.4471,48.8848,2.0255,152.4033,32.5377,119.8655,0.1668,0.0057,0.2135
252,99.3589,99.3589,0.4471,50.3202,2.0255,114.9912,24.5449,90.3833,0.1668,0.0043,0.2135
253,76.7449,76.5597,0.4456,49.218,2.0286,131.9891,25.0501,70.6073,0.1703,0.0037,0.2143
254,99.4,99.4,0.4471,49.0969,2.0255,146.8444,31.3509,115.4935,0.1668,0.0055,0.2135
255,97.6102,97.6102,0.4471,50.905,2.0255,88.4675,18.6117,66.1245,0.1676,0.0032,0.2135
256,51.3564,50.4577,0.4324,50.9966,2.0551,139.2512,24.9939,60.9153,0.1672,0.0033,0.2217
257,55.5102,53.2183,0.4097,54.5777,2.1009,141.8041,26.1027,68.8407,0.1573,0.0037,0.2344
258,99.4,99.4,0.4471,50.9004,2.0255,98.5814,20.9929,76.8466,0.1669,0.0037,0.2135
259,99.4,99.4,0.4471,50.6894,2.0255,96.4577,20.459,73.8966,0.1673,0.0035,0.2135
260,27.6235,21.2047,0.3423,64.7887,2.2361,151.0496,26.8506,64.3854,0.1326,0.0035,0.2719
261,99.4,99.4,0.4471,48.875,2.0255,152.7561,32.6131,120.1431,0.1668,0.0057,0.2135
262,99.4,99.4,0.4471,49.1798,2.0255,144.4658,30.8431,113.6227,0.1668,0.0054,0.2135
263,99.4,99.4,0.4471,49.5024,2.0255,135.9427,29.0234,106.9192,0.1668,0.0051,0.2135
264,99.4,99.4,0.4471,50.3326,2.0255,113.6552,24.2582,89.277,0.1669,0.0042,0.2135
265,98.1451,98.1451,0.4471,51.1176,2.0255,93.4971,19.931,73.1085,0.1669,0.0035,0.2135
266,99.4,99.4,0.4471,49.1167,2.0255,146.062,31.1839,114.8781,0.1668,0.0055,0.2135
267,99.4,99.4,0.4471,49.2468,2.0255,142.5387,30.4317,112.107,0.1668,0.0053,0.2135
268,99.4,99.4,0.4471,50.4827,2.0255,108.0799,23.0156,84.1974,0.167,0.004,0.2135
269,99.4,99.4,0.4471,49.3113,2.0255,140.9661,30.0959,110.8702,0.1668,0.0053,0.2135
270,81.3184,80.9868,0.4417,50.4886,2.0363,112.7293,21.8968,65.2624,0.1679,0.0034,0.2165
271,99.4,99.4,0.4471,49.4014,2.0255,138.7362,29.6199,109.1164,0.1668,0.0052,0.2135
272,99.4,99.4,0.4471,50.0623,2.0255,114.1095,24.0888,86.2482,0.1674,0.0042,0.2135
273,93.9461,93.644,0.4422,50.4493,2.0354,118.3383,24.3696,82.9242,0.1663,0.0041,0.2162
274,99.4,99.4,0.4471,50.4612,2.0255,110.8433,23.6648,87.1785,0.1668,0.0041,0.2135
275,99.4,99.4,0.4471,50.2935,2.0255,115.5989,24.6801,90.9188,0.1668,0.0043,0.2135
276,99.4,99.4,0.4471,49.6445,2.0255,131.9897,28.1795,103.8102,0.1668,0.0049,0.2135
277,58.3827,56.8441,0.4224,52.8765,2.0753,134.2869,24.8472,66.3785,0.1619,0.0035,0.2273
278,99.4,99.4,0.4471,49.5229,2.0255,135.6813,28.9676,106.7136,0.1668,0.0051,0.2135
279,52.7755,50.9935,0.4191,52.8456,2.0819,154.3804,28.0177,70.9456,0.1616,0.0038,0.2291
280,58.2814,56.4754,0.4188,53.2129,2.0825,138.3193,25.4224,66.542,0.161,0.0036,0.2293
281,97.8153,97.8153,0.4471,50.8293,2.0255,93.7708,19.7261,70.2385,0.1675,0.0034,0.2135
282,61.2531,58.9813,0.41,54.6814,2.1,135.1476,25.1294,67.7948,0.1571,0.0036,0.2342
283,99.4,99.4,0.4471,49.7147,2.0255,129.9215,27.7326,102.0984,0.1669,0.0048,0.2135
284,99.4,99.4,0.4471,49.6756,2.0255,131.5829,28.0926,103.4902,0.1668,0.0049,0.2135
285,85.609,85.0819,0.4385,51.4592,2.0428,104.9919,20.7901,65.1753,0.1658,0.0033,0.2183
286,53.26,48.6838,0.3724,60.4429,2.1755,147.1454,27.1366,72.3831,0.1422,0.0038,0.2551
287,93.8641,93.8272,0.4465,50.6199,2.0267,93.0854,18.9975,63.229,0.1682,0.0031,0.2138
288,99.4,99.4,0.4471,49.3232,2.0255,140.9741,30.0976,110.8765,0.1668,0.0053,0.2135
289,99.4,99.4,0.4471,49.9325,2.0255,124.5323,26.5769,97.7949,0.1669,0.0046,0.2135
290,29.9547,23.7386,0.3462,63.6601,2.2284,165.4054,29.3753,70.2611,0.1341,0.0038,0.2698
291,24.327,16.5545,0.3209,67.7368,2.2592,160.8193,28.7751,68.7038,0.1244,0.0038,0.2839
292,99.4,99.4,0.4471,50.2902,2.0255,115.8749,24.739,91.1359,0.1668,0.0043,0.2135
293,99.4,99.4,0.4471,49.5176,2.0255,135.8497,29.0036,106.8461,0.1668,0.0051,0.2135
294,91.3587,91.3587,0.4471,50.4412,2.0255,92.0318,18.465,59.1448,0.1689,0.003,0.2135
295,99.4,99.4,0.4471,50.5279,2.0255,107.0142,22.8002,83.5103,0.167,0.004,0.2135
296,50.5002,46.5487,0.3835,58.2843,2.1533,150.9241,27.4922,70.2918,0.1474,0.0038,0.2489
297,34.1993,28.2627,0.3508,63.1529,2.2192,159.1182,28.4253,68.9892,0.1356,0.0038,0.2672
298,99.4,99.4,0.4471,51.3855,2.0255,87.7412,18.7325,69.0087,0.1668,0.0033,0.2135
299,62.8523,62.6786,0.4445,49.3109,2.0074,139.0594,26.0778,69.708,0.1706,0.0037,0.215
300,57.9551,57.087,0.4329,50.9409,2.0539,146.3317,26.6205,67.5021,0.1668,0.0037,0.2214
301,99.4,99.4,0.4471,49.8887,2.0255,126.49,27.0053,99.4847,0.1668,0.0047,0.2135
302,99.1793,99.1793,0.4471,50.0449,2.0255,121.8933,26.0239,95.8693,0.1668,0.0046,0.2135
303,98.4906,98.4906,0.4471,51.2334,2.0255,78.5676,16.4472,57.566,0.1677,0.0028,0.2135
304,75.258,74.6181,0.4367,50.472,2.0465,137.0485,26.0401,73.7086,0.1668,0.0039,0.2193
305,89.8188,89.8188,0.4471,49.0357,2.0255,144.1509,29.1607,96.4275,0.1687,0.0048,0.2135
306,80.2359,79.6308,0.4372,50.5878,2.0453,130.0244,25.1123,73.8263,0.1666,0.0038,0.219
307,33.0274,28.5737,0.3743,59.2787,2.1719,164.4636,29.3672,71.3585,0.1448,0.0039,0.254
308,32.8044,27.6148,0.3624,61.1895,2.1959,160.6885,28.6114,68.8143,0.1403,0.0038,0.2607
309,37.8525,33.8583,0.3824,58.3083,2.1555,156.5342,27.8889,67.0248,0.1481,0.0037,0.2496
310,31.3078,25.0065,0.3343,65.9057,2.0524,145.5286,28.7767,72.1771,0.1288,0.0039,0.2764
311,72.4199,70.74,0.4197,53.4404,2.0805,132.3407,25.4546,74.7481,0.1596,0.0038,0.2288
312,99.4,99.4,0.4471,50.6711,2.0255,105.9283,22.6154,83.3129,0.1668,0.004,0.2135
313,26.8254,20.3549,0.3392,64.8933,2.197,153.3405,27.7941,66.4823,0.1314,0.0036,0.2736
314,89.5368,89.5368,0.4471,49.8826,2.0255,120.9661,24.1388,77.2993,0.1688,0.0039,0.2135
315,29.0425,24.4175,0.3663,60.9324,2.0444,146.4253,27.8321,66.5889,0.1419,0.0036,0.2585
316,72.8437,70.5034,0.4089,54.8866,2.1022,141.0647,27.5417,84.3679,0.155,0.0043,0.2348
317,97.6421,97.6421,0.4471,49.2716,2.0255,120.8642,24.8654,83.5143,0.1686,0.0041,0.2135
318,99.4,99.4,0.4471,49.4011,2.0255,138.6418,29.5997,109.0421,0.1668,0.0052,0.2135
319,99.4,99.4,0.4471,49.5571,2.0255,134.7525,28.7693,105.9831,0.1668,0.005,0.2135
320,44.6146,39.2213,0.3591,61.9603,2.2025,152.4026,27.5021,68.4914,0.1382,0.0037,0.2626
321,43.5846,38.9055,0.3717,59.6967,2.1772,164.1707,29.524,72.9318,0.1433,0.004,0.2555
322,96.9651,96.9651,0.4471,49.9798,2.0255,121.1773,25.5305,91.7031,0.1673,0.0044,0.2135
323,94.4801,94.4678,0.4469,49.7541,2.0259,89.3119,17.5999,52.1741,0.1699,0.0028,0.2136
324,96.1208,96.1208,0.4471,49.8393,2.0255,89.9707,17.7312,52.5223,0.1698,0.0028,0.2135
325,63.8731,62.4766,0.4251,52.1331,2.0698,131.44,24.0566,61.1001,0.1637,0.0033,0.2258
326,97.9232,97.9232,0.4471,50.5996,2.0255,99.3658,20.6731,71.7954,0.1677,0.0035,0.2135
327,61.5982,60.9584,0.4366,50.3849,2.0344,139.9888,26.0482,69.0102,0.1677,0.0037,0.2194
328,99.4,99.4,0.4471,50.3624,2.0255,103.2017,21.7124,76.967,0.1676,0.0037,0.2135
329,99.4,99.4,0.4471,49.1494,2.0255,145.5437,31.0732,114.4705,0.1668,0.0054,0.2135
330,99.4,99.4,0.4471,50.3033,2.0255,115.37,24.6312,90.7388,0.1668,0.0043,0.2135
331,99.4,99.4,0.4471,50.2248,2.0255,116.9276,24.9638,91.9639,0.1668,0.0044,0.2135
332,99.4,99.4,0.4471,48.7457,2.0255,156.2527,33.3596,122.8931,0.1668,0.0058,0.2135
333,99.4,99.4,0.4471,48.5913,2.0255,160.5003,34.2664,126.2338,0.1668,0.006,0.2135
334,76.5145,75.972,0.4382,50.5231,2.0434,131.4886,25.5657,77.2332,0.1666,0.0039,0.2184
335,93.169,92.9373,0.4433,50.4031,2.0331,116.9597,24.1544,82.9392,0.1667,0.004,0.2156
336,59.371,57.7173,0.4206,53.0186,2.0788,139.7541,25.9268,69.745,0.1612,0.0037,0.2283
337,99.4,99.4,0.4471,48.6713,2.0255,158.3023,33.7972,124.5051,0.1668,0.0059,0.2135
338,85.3091,84.7105,0.4373,51.6959,2.0451,104.406,20.7828,66.0753,0.1652,0.0033,0.2189
339,52.6117,49.2461,0.3922,57.019,2.1358,149.7349,27.3812,70.7331,0.1508,0.0038,0.2441
340,98.4052,98.4052,0.4471,50.8602,2.0255,94.4226,19.9197,71.3514,0.1673,0.0034,0.2135
341,99.4,99.4,0.4471,51.29,2.0255,85.7279,18.1994,66.0208,0.1671,0.0032,0.2135
342,61.2198,60.8071,0.4408,49.8089,2.0367,133.5693,24.4868,63.0924,0.1697,0.0034,0.217
343,21.5933,13.0366,0.3011,70.807,2.2171,158.3244,29.3486,70.0033,0.1167,0.0038,0.2949
344,98.6378,98.6378,0.4471,51.8214,2.0255,76.8576,16.4089,60.4487,0.1668,0.0029,0.2135
345,98.2972,98.2972,0.4471,50.9415,2.0255,95.4998,20.1437,72.3117,0.1672,0.0035,0.2135
346,99.4,99.4,0.4471,50.5661,2.0255,107.5832,22.9479,84.3104,0.1669,0.004,0.2135
347,99.1614,99.1614,0.4471,51.5689,2.0255,79.85,16.9865,61.9396,0.167,0.003,0.2135
348,99.4,99.4,0.4471,51.668,2.0255,80.3818,17.1613,63.2205,0.1668,0.003,0.2135
349,55.5563,51.5576,0.3825,58.5967,2.1555,147.4055,27.4081,74.569,0.1462,0.0039,0.2495
350,74.6075,74.2664,0.4417,50.1959,2.0365,126.6119,24.2175,70.1741,0.1683,0.0036,0.2165
351,22.0694,13.3153,0.3016,70.3316,2.276,173.222,31.2666,74.5782,0.1169,0.0041,0.2946
352,99.4,99.4,0.4471,49.1807,2.0255,144.3466,30.8177,113.5289,0.1668,0.0054,0.2135
353,99.2026,99.2026,0.4471,50.1393,2.0255,114.7653,24.3399,88.2087,0.1672,0.0042,0.2135
354,99.4,99.4,0.4471,50.8035,2.0255,101.1893,21.5396,78.7982,0.1669,0.0038,0.2135
355,99.4,99.4,0.4471,49.4087,2.0255,138.719,29.6162,109.1029,0.1668,0.0052,0.2135
356,99.4,99.4,0.4471,48.5877,2.0255,160.6,34.2877,126.3123,0.1668,0.006,0.2135
357,99.4,99.4,0.4471,50.7333,2.0255,104.2931,22.2663,82.0268,0.1668,0.0039,0.2135
358,99.4,99.4,0.4471,50.1632,2.0255,118.8911,25.383,93.5081,0.1668,0.0044,0.2135
359,99.4,99.4,0.4471,50.2658,2.0255,116.2155,24.8117,91.4037,0.1668,0.0043,0.2135
360,99.4,99.4,0.4471,49.2483,2.0255,142.6238,30.4498,112.1739,0.1668,0.0053,0.2135
361,99.4,99.4,0.4471,49.6215,2.0255,132.91,28.376,104.534,0.1668,0.005,0.2135
362,99.4,99.4,0.4471,50.0169,2.0255,122.4653,26.1461,96.3193,0.1668,0.0046,0.2135
363,94.4892,94.4892,0.4471,49.9151,2.0255,110.6041,22.5975,75.3925,0.1685,0.0037,0.2135
364,98.0201,98.0065,0.4469,49.9482,2.0259,122.271,25.9305,94.2174,0.1671,0.0045,0.2136
365,99.4,99.4,0.4471,49.0712,2.0255,147.4589,31.4821,115.9768,0.1668,0.0055,0.2135
366,98.9814,98.9814,0.4471,51.0805,2.0255,93.4939,19.9186,72.9176,0.1669,0.0035,0.2135
367,89.1237,89.1237,0.4471,49.8686,2.0255,114.1031,22.9906,75.0182,0.1689,0.0037,0.2135
368,99.4,99.4,0.4471,49.2233,2.0255,143.4166,30.6191,112.7975,0.1668,0.0054,0.2135
369,99.4,99.4,0.4471,49.6082,2.0255,133.4479,28.4908,104.9571,0.1668,0.005,0.2135
370,59.8414,59.2693,0.4374,50.4481,1.9681,125.2779,23.8867,61.6308,0.1683,0.0033,0.2189
371,99.4,99.4,0.4471,48.7247,2.0255,156.8721,33.4918,123.3802,0.1668,0.0059,0.2135
372,99.4,99.4,0.4471,51.1131,2.0255,94.3007,20.133,74.1677,0.1668,0.0035,0.2135
373,99.4,99.4,0.4471,49.9222,2.0255,122.574,26.1174,95.682,0.167,0.0046,0.2135
374,99.4,99.4,0.4471,48.941,2.0255,150.9208,32.2212,118.6995,0.1668,0.0056,0.2135
375,99.4,99.4,0.4471,50.2848,2.0255,115.4619,24.6508,90.811,0.1668,0.0043,0.2135
376,85.5378,85.2691,0.4427,50.4525,2.0345,104.0537,20.8095,66.39,0.1677,0.0033,0.216
377,99.4,99.4,0.4471,48.9147,2.0255,151.7536,32.399,119.3545,0.1668,0.0057,0.2135
378,94.1921,94.1921,0.4471,49.7569,2.0255,120.3979,24.9174,86.0399,0.1681,0.0042,0.2135
379,54.3199,51.6441,0.4027,55.6082,2.0517,136.7673,25.9844,68.5264,0.1546,0.0037,0.2383
380,57.8432,54.1531,0.3874,57.5258,2.1144,146.2086,27.3589,71.55,0.1488,0.0038,0.2468
381,99.4,99.4,0.4471,49.7069,2.0255,130.7619,27.9174,102.8446,0.1668,0.0049,0.2135
382,99.4,99.4,0.4471,50.3608,2.0255,113.5181,24.2358,89.2822,0.1668,0.0042,0.2135
383,99.4,99.4,0.4471,48.5877,2.0255,160.6,34.2877,126.3123,0.1668,0.006,0.2135
384,99.4,99.4,0.4471,50.2271,2.0255,116.6824,24.9114,91.7709,0.1668,0.0044,0.2135
385,99.4,99.4,0.4471,48.9434,2.0255,150.8471,32.2055,118.6416,0.1668,0.0056,0.2135
386,87.4229,87.4229,0.4471,49.871,2.0255,117.9357,24.0176,80.5443,0.1684,0.0039,0.2135
387,64.6808,62.178,0.4067,54.8038,2.1069,143.128,26.8667,74.0604,0.1555,0.0039,0.236
388,82.6617,82.1221,0.4383,51.4392,2.0434,108.9583,21.8658,71.1438,0.1654,0.0035,0.2184
389,60.3228,60.3228,0.4471,49.2523,2.0255,126.77,23.5733,63.8804,0.1715,0.0034,0.2135
390,52.9485,52.2169,0.435,50.6343,2.0285,137.307,25.2941,64.7285,0.1675,0.0035,0.2202
391,99.4,99.4,0.4471,49.0946,2.0255,146.8938,31.3615,115.5324,0.1668,0.0055,0.2135
392,72.9822,70.406,0.4051,55.8199,2.11,135.1983,26.437,81.6475,0.1532,0.0041,0.2369
393,99.4,99.4,0.4471,49.4071,2.0255,136.5942,29.0815,106.3977,0.167,0.0051,0.2135
394,99.6273,99.4932,0.447,49.5525,2.0254,134.8287,28.7636,105.8369,0.1668,0.005,0.2134
395,99.4,99.4,0.4471,48.7017,2.0255,157.4656,33.6185,123.8471,0.1668,0.0059,0.2135
396,64.0748,60.5645,0.3905,57.8918,2.1393,133.2911,25.1696,71.0909,0.1486,0.0037,0.2451
397,99.4,99.4,0.4471,49.0552,2.0255,147.9039,31.5771,116.3268,0.1668,0.0055,0.2135
398,99.4,99.4,0.4471,49.9631,2.0255,121.8075,25.9566,95.1331,0.167,0.0045,0.2135
399,63.4194,59.7581,0.3879,58.4274,2.1444,128.1352,24.2091,68.3207,0.1477,0.0035,0.2465
400,97.6605,97.6605,0.4471,50.1919,2.0255,112.2059,23.6556,84.7798,0.1674,0.0041,0.2135
401,64.9312,63.9467,0.4312,51.6857,2.0575,123.5317,23.0376,62.5018,0.1652,0.0033,0.2223
402,99.4,99.4,0.4471,49.0092,2.0255,149.1661,31.8466,117.3195,0.1668,0.0056,0.2135
403,99.7957,99.5623,0.4469,49.2775,2.0253,143.1821,30.5542,112.5804,0.1667,0.0053,0.2133
404,86.9759,86.5077,0.4405,51.3268,2.0389,103.5657,20.7564,67.0446,0.1661,0.0033,0.2172
405,81.6132,80.4228,0.4282,51.9658,2.0636,128.7806,25.304,77.7871,0.1624,0.0039,0.224
406,99.4,99.4,0.4471,48.6594,2.0255,158.6108,33.863,124.7478,0.1668,0.0059,0.2135
407,99.4,99.4,0.4471,48.9915,2.0255,149.5079,31.9196,117.5883,0.1668,0.0056,0.2135
408,99.4,99.4,0.4471,49.3306,2.0255,140.267,29.9467,110.3203,0.1668,0.0052,0.2135
409,98.6734,98.6734,0.4471,50.2822,2.0255,110.3234,23.3642,84.4487,0.1672,0.004,0.2135
410,99.4,99.4,0.4471,49.977,2.0255,123.2568,26.315,96.9418,0.1668,0.0046,0.2135
411,94.8175,94.8175,0.4471,49.6921,2.0255,122.071,25.398,88.581,0.1679,0.0043,0.2135
412,99.4,99.4,0.4471,48.6949,2.0255,157.6444,33.6567,123.9877,0.1668,0.0059,0.2135
413,93.1434,93.1434,0.4471,49.9329,2.0255,109.205,22.297,74.419,0.1685,0.0037,0.2135
414,81.627,80.7566,0.4329,51.7423,2.054,119.7596,23.9205,76.6926,0.1638,0.0038,0.2214
415,99.4,99.4,0.4471,48.6345,2.0255,159.3,34.0102,125.2898,0.1668,0.0059,0.2135
416,96.0565,96.0565,0.4471,49.6866,2.0255,116.0277,24.0569,82.836,0.1682,0.0041,0.2135
417,97.4752,97.4752,0.4471,50.2665,2.0255,108.2163,22.8145,81.7073,0.1675,0.0039,0.2135
418,99.4,99.4,0.4471,49.0713,2.0255,147.3209,31.4527,115.8683,0.1668,0.0055,0.2135
419,99.4,99.4,0.4471,49.5223,2.0255,135.3745,28.9021,106.4723,0.1668,0.0051,0.2135
420,98.8177,98.8177,0.4471,49.6499,2.0255,108.905,22.6224,77.3833,0.1684,0.0038,0.2135
421,95.1491,95.1491,0.4471,49.1664,2.0255,126.6399,25.9042,86.3332,0.1687,0.0043,0.2135
422,90.7826,90.7826,0.4471,50.0991,2.0255,98.5777,19.9051,64.6474,0.169,0.0032,0.2135
423,83.6598,83.6598,0.4471,49.6276,2.0255,110.014,21.2512,62.2758,0.1703,0.0032,0.2135
424,69.7769,68.7018,0.4293,52.5932,2.0254,107.4283,20.9749,61.3018,0.1634,0.0032,0.2235
425,49.1688,46.7963,0.4083,54.8399,2.1035,137.4082,24.8916,62.5133,0.1574,0.0034,0.2351
426,84.6693,84.6693,0.4471,49.5699,2.0255,110.7326,21.9898,69.0171,0.1697,0.0035,0.2135
427,33.4281,28.177,0.3583,62.3448,2.1277,147.793,27.4672,67.798,0.1383,0.0037,0.263
428,81.7383,81.0267,0.4355,51.283,2.0489,119.2826,23.6431,74.3202,0.165,0.0037,0.22
429,97.8039,97.8039,0.4471,49.0174,2.0255,136.1128,28.5216,100.5117,0.1679,0.0049,0.2135
430,97.8492,97.8492,0.4471,50.9191,2.0255,84.1589,17.5485,60.8844,0.1679,0.003,0.2135
431,66.8137,65.9876,0.4336,51.4259,2.0529,104.2805,19.2755,50.2963,0.1664,0.0027,0.221
432,68.9269,68.3713,0.438,50.8363,2.0438,116.0222,22.13,63.8545,0.1673,0.0033,0.2186
433,78.2624,77.7102,0.438,51.6507,2.044,96.0793,18.5605,54.9895,0.1662,0.0028,0.2185
434,98.1143,98.1143,0.4471,52.0813,2.0255,66.9488,14.1652,51.0977,0.1671,0.0025,0.2135
435,99.4,99.4,0.4471,51.8311,2.0255,76.3637,16.3035,60.0602,0.1668,0.0029,0.2135
436,94.8377,94.8377,0.4471,49.6677,2.0255,107.5547,21.0777,62.5669,0.1698,0.0033,0.2135
437,60.967,60.1721,0.4336,51.3157,1.9696,113.144,21.9661,59.3242,0.1663,0.0031,0.221
438,47.0322,42.1648,0.3659,61.4514,2.1322,131.0556,24.5943,63.4808,0.1405,0.0034,0.2588
439,38.1299,32.9028,0.3602,62.0388,2.1585,145.3728,26.7148,66.6805,0.1388,0.0036,0.262
440,99.4,99.4,0.4471,51.4471,2.0255,85.9851,18.3576,67.6275,0.1668,0.0032,0.2135
441,71.8632,71.5313,0.4417,50.3937,2.0365,108.8072,20.2842,54.4132,0.169,0.0029,0.2165
442,99.4,99.4,0.4471,50.5898,2.0255,106.6692,22.6229,82.1082,0.167,0.0039,0.2135
443,99.3376,99.3376,0.4471,49.3981,2.0255,136.6263,29.1193,106.7782,0.167,0.0051,0.2135
444,89.1898,89.1898,0.4471,50.6709,2.0255,87.7537,17.4783,55.2514,0.169,0.0028,0.2135
445,99.4,99.4,0.4471,49.4792,2.0255,136.5973,29.1602,107.3985,0.1668,0.0051,0.2135
446,96.9838,96.832,0.4464,50.2946,2.0269,94.5419,19.3589,63.9347,0.1683,0.0032,0.2139
447,96.5592,96.5592,0.4471,50.0876,2.0255,107.8232,22.3135,76.5109,0.1681,0.0037,0.2135
448,99.4,99.4,0.4471,49.3511,2.0255,139.881,29.8643,110.0167,0.1668,0.0052,0.2135
449,99.4,99.4,0.4471,48.9728,2.0255,150.0106,32.0269,117.9837,0.1668,0.0056,0.2135
450,97.5592,97.5592,0.4471,49.9764,2.0255,115.2749,24.2313,86.1939,0.1676,0.0042,0.2135
451,99.4,99.4,0.4471,48.9607,2.0255,150.4176,32.1138,118.3038,0.1668,0.0056,0.2135
452,99.4,99.4,0.4471,49.838,2.0255,127.3091,27.1802,100.1289,0.1668,0.0048,0.2135
453,44.6824,40.132,0.371,60.7818,2.1206,133.2799,25.0207,64.9714,0.1425,0.0035,0.2559
454,99.4,99.4,0.4471,48.9555,2.0255,150.4812,32.1274,118.3538,0.1668,0.0056,0.2135
455,99.4,99.4,0.4471,50.1763,2.0255,115.7175,24.6649,90.4226,0.167,0.0043,0.2135
456,99.4,99.4,0.4471,49.7132,2.0255,130.1031,27.7767,102.3264,0.1668,0.0049,0.2135
457,99.4,99.4,0.4471,50.7182,2.0255,103.2117,21.9603,80.2646,0.1669,0.0038,0.2135
458,30.0524,27.0559,0.3959,56.1699,2.0357,150.788,28.0369,67.3563,0.1533,0.0037,0.242
459,35.6158,33.9744,0.4199,52.7797,2.0548,143.1469,25.7516,61.6746,0.1627,0.0034,0.2286
460,99.4,99.4,0.4471,51.3486,2.0255,88.0275,18.7937,69.2338,0.1668,0.0033,0.2135
461,35.7735,30.1235,0.3509,63.4804,2.1259,139.9807,26.1813,63.9802,0.1354,0.0035,0.2672
462,97.5019,97.5019,0.4471,50.6651,2.0255,92.9446,19.4473,68.2063,0.1678,0.0033,0.2135
463,99.4,99.4,0.4471,49.5343,2.0255,133.4431,28.4538,104.4524,0.1669,0.005,0.2135
464,99.4,99.4,0.4471,49.9346,2.0255,124.421,26.5636,97.8574,0.1668,0.0046,0.2135
465,101.0199,98.6835,0.4405,51.2872,2.0391,110.9517,23.6879,87.2638,0.1644,0.0041,0.2169
466,57.1533,56.7568,0.4406,49.6428,2.0388,138.1201,25.0692,62.7443,0.1699,0.0034,0.2171
467,22.0349,14.649,0.3133,69.1821,2.0672,137.8189,27.1366,64.8244,0.1214,0.0035,0.2881
468,73.8437,73.5594,0.4424,49.5974,2.035,126.0445,23.4242,61.7019,0.1697,0.0033,0.2161
469,99.0348,99.0348,0.4471,49.8622,2.0255,101.7221,21.1507,72.3546,0.1683,0.0036,0.2135
470,41.0703,39.1675,0.4135,53.9758,1.9376,125.9308,24.4464,60.2474,0.1595,0.0033,0.2322
471,73.854,73.7894,0.446,49.9345,2.0276,105.781,19.9007,54.7707,0.1704,0.0029,0.2141
472,99.2753,99.2753,0.4471,51.8667,2.0255,70.0107,14.8397,53.5803,0.1671,0.0026,0.2135
473,99.4,99.4,0.4471,50.3709,2.0255,112.836,24.0839,88.6547,0.1669,0.0042,0.2135
474,99.4,99.4,0.4471,51.0253,2.0255,96.2981,20.5594,75.7387,0.1668,0.0036,0.2135
475,56.2783,55.1201,0.4274,52.0548,1.9918,118.6131,22.4871,57.6342,0.1642,0.0031,0.2244
476,99.2486,99.2486,0.4471,52.312,2.0255,64.2505,13.6913,50.2369,0.1669,0.0024,0.2135
477,64.3645,63.9088,0.4396,50.1949,2.0406,123.7601,22.7422,58.772,0.1689,0.0032,0.2177
478,74.4013,73.9075,0.439,51.0187,2.0418,106.181,20.233,57.748,0.1673,0.003,0.218
479,24.3145,18.7416,0.3519,63.1687,2.0928,145.5193,27.3505,65.3435,0.1363,0.0036,0.2666
480,58.3158,58.0784,0.4431,49.8401,1.9928,109.029,20.2065,50.5519,0.1708,0.0028,0.2157
481,91.1826,91.1826,0.4471,50.9542,2.0255,90.3227,18.38,61.444,0.1682,0.003,0.2135
482,99.4,99.4,0.4471,50.1871,2.0255,116.153,24.7511,90.7226,0.1669,0.0043,0.2135
483,99.4,99.4,0.4471,50.5311,2.0255,108.9836,23.2678,85.7159,0.1668,0.0041,0.2135
484,99.4,99.4,0.4471,50.205,2.0255,118.0423,25.2018,92.8406,0.1668,0.0044,0.2135
485,99.0679,98.8868,0.4463,50.8905,2.0272,92.9194,19.668,70.6206,0.167,0.0034,0.214
486,98.5721,98.5721,0.4471,50.6035,2.0255,89.3604,18.5332,63.2856,0.1681,0.0031,0.2135
487,99.4,99.4,0.4471,49.4713,2.0255,136.5734,29.1581,107.4153,0.1668,0.0051,0.2135
488,99.4,99.4,0.4471,49.775,2.0255,129.2273,27.5897,101.6376,0.1668,0.0048,0.2135
489,97.0878,97.0878,0.4471,49.8797,2.0255,118.1537,24.7835,87.8402,0.1676,0.0042,0.2135
490,98.5675,98.5675,0.4471,50.6639,2.0255,105.4646,22.4354,82.1135,0.1669,0.0039,0.2135
491,98.5807,98.5807,0.4471,50.4343,2.0255,106.8172,22.5646,81.1503,0.1673,0.0039,0.2135
492,99.4,99.4,0.4471,49.8222,2.0255,127.3216,27.1829,100.1387,0.1668,0.0048,0.2135
493,68.4492,67.7321,0.4354,51.3282,2.0492,117.199,22.0601,61.5522,0.1663,0.0032,0.22
494,99.4,99.4,0.4471,48.9363,2.0255,150.98,32.2339,118.7461,0.1668,0.0056,0.2135
495,99.4,99.4,0.4471,50.1416,2.0255,119.1585,25.4401,93.7184,0.1668,0.0045,0.2135
496,99.4629,99.4258,0.4471,49.9831,2.0254,123.0186,26.2367,96.4393,0.1669,0.0046,0.2135
497,45.5181,42.6718,0.4005,55.9335,2.1157,144.719,26.1088,64.7993,0.1544,0.0035,0.2395
498,47.5216,45.2836,0.4109,54.3166,2.0985,136.697,24.6081,60.7211,0.1585,0.0033,0.2337
499,106.046,101.6611,0.443,52.4537,2.0219,145.0736,29.4553,110.4298,0.1652,0.0053,0.2103
500,115.4842,103.8791,0.4365,57.3062,2.0161,140.7661,26.5101,102.1607,0.1627,0.0051,0.2055
501,56.2629,54.503,0.4183,53.2015,2.0837,134.865,24.6752,63.7674,0.1607,0.0034,0.2295
502,98.5805,98.5805,0.4471,50.5899,2.0255,106.4695,22.6306,82.6441,0.167,0.0039,0.2135
503,144.625,113.7185,0.4181,69.3815,2.0001,167.5695,25.3761,106.7362,0.1555,0.0057,0.1914
504,99.4,99.4,0.4471,49.3417,2.0255,140.2226,29.9372,110.2854,0.1668,0.0052,0.2135
505,99.4,99.4,0.4471,48.6875,2.0255,157.8365,33.6977,124.1388,0.1668,0.0059,0.2135
506,101.7837,100.3194,0.4457,49.394,2.0242,145.4322,30.9791,114.228,0.1663,0.0054,0.2124
507,99.5128,99.4463,0.447,49.6821,2.0254,133.9114,28.5307,105.1788,0.1668,0.005,0.2134
508,99.4,99.4,0.4471,50.5363,2.0255,107.5085,22.9362,84.2906,0.1669,0.004,0.2135
509,99.4,99.4,0.4471,50.9472,2.0255,97.3055,20.7422,76.1096,0.1669,0.0036,0.2135
510,77.9778,76.6741,0.4258,53.4816,2.0684,106.1543,20.4737,60.7149,0.1612,0.0031,0.2254
511,99.4,99.4,0.4471,50.2822,2.0255,115.1,24.5736,90.5264,0.1668,0.0043,0.2135
512,99.4,99.4,0.4471,51.788,2.0255,75.6857,16.1379,59.2031,0.1669,0.0028,0.2135
513,99.4,99.4,0.4471,51.5494,2.0255,82.5522,17.6153,64.7774,0.1669,0.0031,0.2135
514,101.5144,100.1269,0.4458,51.9904,2.0243,110.8453,23.005,85.5832,0.1663,0.0041,0.2125
515,105.4598,101.4631,0.4433,54.6996,2.0222,120.2927,23.6808,89.7692,0.1653,0.0044,0.2106
516,60.9022,57.7662,0.3968,57.1007,2.1269,128.4011,23.896,65.1327,0.1512,0.0034,0.2415
517,95.0943,94.6541,0.4414,52.0959,2.037,84.0806,17.4523,60.5535,0.1654,0.0029,0.2167
518,99.4,99.4,0.4471,48.7721,2.0255,155.4942,33.1977,122.2966,0.1668,0.0058,0.2135
519,68.095,66.7685,0.4274,52.425,2.0654,122.8643,23.0235,63.4631,0.1631,0.0033,0.2245
520,99.4,99.4,0.4471,51.7028,2.0255,76.4242,16.2515,59.2096,0.167,0.0028,0.2135
521,99.4,99.4,0.4471,51.2042,2.0255,91.6143,19.5594,72.0549,0.1668,0.0034,0.2135
522,99.4,99.4,0.4471,48.7863,2.0255,155.142,33.1224,122.0195,0.1668,0.0058,0.2135
523,100.2592,99.7484,0.4466,50.3162,2.025,143.8664,30.0859,111.6416,0.1666,0.0053,0.2131
524,99.4,99.4,0.4471,51.1975,2.0255,92.1633,19.6766,72.4867,0.1668,0.0034,0.2135
525,101.4965,100.0059,0.4457,51.61,2.0243,126.8576,26.2136,97.6834,0.1663,0.0047,0.2125
526,99.4,99.4,0.4471,51.5427,2.0255,83.3831,17.8021,65.581,0.1668,0.0031,0.2135
527,99.4,99.4,0.4471,51.116,2.0255,94.1482,20.1004,74.0478,0.1668,0.0035,0.2135
528,99.4,99.4,0.4471,50.5281,2.0255,109.3964,23.3559,86.0406,0.1668,0.0041,0.2135
529,99.1185,99.0172,0.4466,52.0335,2.026,79.4878,16.5837,60.3055,0.167,0.0029,0.2136
530,81.6622,81.6622,0.4471,49.5042,2.0255,113.5056,21.4915,59.465,0.1707,0.0032,0.2135
531,99.4,99.4,0.4471,51.6875,2.0255,79.6537,17.004,62.6223,0.1668,0.003,0.2135
532,99.2363,99.1471,0.4467,51.9033,2.0263,70.2873,14.8815,53.5509,0.167,0.0026,0.2137
533,99.4,99.4,0.4471,51.2686,2.0255,77.8325,16.1657,55.3784,0.1678,0.0027,0.2135
534,86.6369,86.622,0.447,50.0926,2.0256,103.3945,20.1504,60.2708,0.1696,0.0031,0.2135
535,92.1798,92.1798,0.4471,50.929,2.0255,92.9458,18.8701,62.5936,0.1681,0.0031,0.2135
536,90.739,89.9516,0.4446,51.4466,2.0264,102.8548,20.0708,63.22,0.1681,0.0032,0.2129
537,86.9955,86.7656,0.4448,50.4894,2.03,108.495,21.2764,64.9137,0.1684,0.0033,0.2147
